time_s,accel_m_s2,accel_g
0.0000,-0.038392,-0.003915
0.0100,-0.038880,-0.003965
0.0200,-0.039294,-0.004007
0.0300,-0.039795,-0.004058
0.0400,-0.040407,-0.004120
0.0500,-0.040473,-0.004127
0.0600,-0.041251,-0.004206
0.0700,-0.041562,-0.004238
0.0800,-0.042041,-0.004287
0.0900,-0.042233,-0.004307
0.1000,-0.042028,-0.004286
0.1100,-0.044556,-0.004543
0.1200,-0.047165,-0.004809
0.1300,-0.044770,-0.004565
0.1400,-0.040314,-0.004111
0.1500,-0.040684,-0.004149
0.1600,-0.032973,-0.003362
0.1700,-0.036078,-0.003679
0.1800,-0.031197,-0.003181
0.1900,-0.023152,-0.002361
0.2000,-0.013932,-0.001421
0.2100,-0.008579,-0.000875
0.2200,-0.001861,-0.000190
0.2300,-0.007587,-0.000774
0.2400,-0.017789,-0.001814
0.2500,-0.020406,-0.002081
0.2600,-0.027776,-0.002832
0.2700,-0.039983,-0.004077
0.2800,-0.063480,-0.006473
0.2900,-0.071225,-0.007263
0.3000,-0.086854,-0.008857
0.3100,-0.070043,-0.007142
0.3200,-0.071793,-0.007321
0.3300,-0.088032,-0.008977
0.3400,-0.079874,-0.008145
0.3500,-0.054803,-0.005588
0.3600,-0.076766,-0.007828
0.3700,-0.066845,-0.006816
0.3800,-0.033990,-0.003466
0.3900,-0.037093,-0.003782
0.4000,-0.033734,-0.003440
0.4100,-0.035437,-0.003614
0.4200,-0.076599,-0.007811
0.4300,-0.095032,-0.009691
0.4400,-0.093742,-0.009559
0.4500,-0.082739,-0.008437
0.4600,-0.053915,-0.005498
0.4700,-0.009067,-0.000925
0.4800,-0.039643,-0.004042
0.4900,-0.060530,-0.006172
0.5000,-0.071075,-0.007248
0.5100,-0.098346,-0.010029
0.5200,-0.053848,-0.005491
0.5300,-0.041274,-0.004209
0.5400,-0.099485,-0.010145
0.5500,-0.057395,-0.005853
0.5600,0.009502,0.000969
0.5700,0.004093,0.000417
0.5800,-0.002476,-0.000252
0.5900,-0.042321,-0.004315
0.6000,-0.063629,-0.006488
0.6100,-0.103901,-0.010595
0.6200,-0.087981,-0.008972
0.6300,-0.164302,-0.016754
0.6400,-0.137274,-0.013998
0.6500,-0.121663,-0.012406
0.6600,-0.124531,-0.012699
0.6700,-0.047005,-0.004793
0.6800,-0.069437,-0.007081
0.6900,-0.116676,-0.011898
0.7000,-0.109782,-0.011195
0.7100,-0.032314,-0.003295
0.7200,-0.142611,-0.014542
0.7300,-0.176887,-0.018037
0.7400,-0.187618,-0.019132
0.7500,-0.185606,-0.018927
0.7600,-0.248225,-0.025312
0.7700,-0.320138,-0.032645
0.7800,-0.180396,-0.018395
0.7900,-0.088498,-0.009024
0.8000,-0.085189,-0.008687
0.8100,-0.075904,-0.007740
0.8200,-0.099366,-0.010133
0.8300,-0.060076,-0.006126
0.8400,-0.084869,-0.008654
0.8500,-0.012815,-0.001307
0.8600,0.132068,0.013467
0.8700,0.233225,0.023782
0.8800,0.314701,0.032091
0.8900,0.207515,0.021161
0.9000,0.149025,0.015196
0.9100,0.268407,0.027370
0.9200,0.307866,0.031394
0.9300,0.215626,0.021988
0.9400,0.196104,0.019997
0.9500,0.061856,0.006308
0.9600,-0.004694,-0.000479
0.9700,0.008039,0.000820
0.9800,-0.088350,-0.009009
0.9900,-0.293666,-0.029946
1.0000,-0.281149,-0.028669
1.0100,-0.174995,-0.017844
1.0200,0.043896,0.004476
1.0300,0.035626,0.003633
1.0400,-0.004497,-0.000459
1.0500,0.039354,0.004013
1.0600,0.084655,0.008632
1.0700,-0.062763,-0.006400
1.0800,0.188851,0.019257
1.0900,0.190056,0.019380
1.1000,0.043386,0.004424
1.1100,-0.007857,-0.000801
1.1200,-0.011797,-0.001203
1.1300,0.063098,0.006434
1.1400,0.196829,0.020071
1.1500,0.449488,0.045835
1.1600,0.205714,0.020977
1.1700,0.173516,0.017694
1.1800,0.212488,0.021668
1.1900,0.106453,0.010855
1.2000,0.353781,0.036076
1.2100,0.366814,0.037405
1.2200,0.437785,0.044642
1.2300,0.574132,0.058545
1.2400,0.329226,0.033572
1.2500,0.344444,0.035123
1.2600,0.132142,0.013475
1.2700,0.041271,0.004208
1.2800,-0.098748,-0.010070
1.2900,-0.337942,-0.034460
1.3000,-0.380452,-0.038795
1.3100,-0.513265,-0.052338
1.3200,-0.543341,-0.055405
1.3300,-0.266393,-0.027165
1.3400,-0.159947,-0.016310
1.3500,-0.447167,-0.045598
1.3600,-0.214806,-0.021904
1.3700,-0.347002,-0.035384
1.3800,-0.558584,-0.056960
1.3900,-0.273130,-0.027852
1.4000,-0.202025,-0.020601
1.4100,-0.094846,-0.009672
1.4200,-0.057951,-0.005909
1.4300,0.182162,0.018575
1.4400,0.106955,0.010906
1.4500,-0.113423,-0.011566
1.4600,-0.065849,-0.006715
1.4700,0.023223,0.002368
1.4800,0.176291,0.017977
1.4900,0.018749,0.001912
1.5000,-0.080571,-0.008216
1.5100,0.288172,0.029385
1.5200,0.236380,0.024104
1.5300,0.473547,0.048288
1.5400,0.424292,0.043266
1.5500,0.244908,0.024974
1.5600,0.125331,0.012780
1.5700,-0.192540,-0.019634
1.5800,-0.310891,-0.031702
1.5900,-0.726973,-0.074131
1.6000,-0.963264,-0.098226
1.6100,-1.271631,-0.129670
1.6200,-1.077876,-0.109913
1.6300,-0.709500,-0.072349
1.6400,-0.587138,-0.059871
1.6500,-0.849281,-0.086603
1.6600,-1.464153,-0.149302
1.6700,-1.544473,-0.157492
1.6800,-1.189684,-0.121314
1.6900,-0.422337,-0.043066
1.7000,0.049744,0.005073
1.7100,0.267657,0.027293
1.7200,-0.074544,-0.007601
1.7300,0.227526,0.023201
1.7400,0.571754,0.058303
1.7500,0.882976,0.090038
1.7600,0.924747,0.094298
1.7700,0.820182,0.083635
1.7800,0.921700,0.093987
1.7900,0.679327,0.069272
1.8000,0.631346,0.064379
1.8100,0.729456,0.074384
1.8200,0.662775,0.067584
1.8300,0.599641,0.061146
1.8400,0.447863,0.045669
1.8500,0.144346,0.014719
1.8600,0.372051,0.037939
1.8700,0.686269,0.069980
1.8800,0.531425,0.054190
1.8900,0.580618,0.059207
1.9000,0.591605,0.060327
1.9100,0.260549,0.026569
1.9200,0.180352,0.018391
1.9300,0.341423,0.034815
1.9400,-0.021337,-0.002176
1.9500,-0.303540,-0.030952
1.9600,-0.646695,-0.065945
1.9700,-0.515332,-0.052549
1.9800,-0.483045,-0.049257
1.9900,-0.528492,-0.053891
2.0000,-0.525581,-0.053594
2.0100,-0.568294,-0.057950
2.0200,-0.547630,-0.055843
2.0300,-0.168032,-0.017134
2.0400,0.229200,0.023372
2.0500,0.499428,0.050927
2.0600,0.516296,0.052648
2.0700,0.415444,0.042364
2.0800,0.293162,0.029894
2.0900,0.225199,0.022964
2.1000,-0.052292,-0.005332
2.1100,-0.267340,-0.027261
2.1200,-0.468098,-0.047733
2.1300,-0.234725,-0.023935
2.1400,-0.477715,-0.048713
2.1500,-0.201397,-0.020537
2.1600,-0.551582,-0.056246
2.1700,-0.130793,-0.013337
2.1800,-0.238644,-0.024335
2.1900,-0.319454,-0.032575
2.2000,0.270134,0.027546
2.2100,0.141926,0.014472
2.2200,0.669051,0.068224
2.2300,0.532274,0.054277
2.2400,0.517088,0.052728
2.2500,0.458238,0.046727
2.2600,0.376852,0.038428
2.2700,0.273785,0.027918
2.2800,0.402156,0.041008
2.2900,0.711592,0.072562
2.3000,0.816741,0.083284
2.3100,0.554860,0.056580
2.3200,0.279603,0.028512
2.3300,-0.328478,-0.033495
2.3400,-0.578384,-0.058979
2.3500,-0.641125,-0.065377
2.3600,-0.501343,-0.051123
2.3700,-0.314847,-0.032105
2.3800,-0.603753,-0.061566
2.3900,-0.102687,-0.010471
2.4000,0.156423,0.015951
2.4100,0.488929,0.049857
2.4200,0.291854,0.029761
2.4300,0.268240,0.027353
2.4400,0.128235,0.013076
2.4500,-0.459474,-0.046853
2.4600,-0.825951,-0.084224
2.4700,-0.589788,-0.060142
2.4800,-0.964599,-0.098362
2.4900,-1.142513,-0.116504
2.5000,-0.113015,-0.011524
2.5100,-0.284344,-0.028995
2.5200,-0.317917,-0.032419
2.5300,0.422529,0.043086
2.5400,0.897964,0.091567
2.5500,1.093979,0.111555
2.5600,1.069583,0.109067
2.5700,0.177001,0.018049
2.5800,0.208844,0.021296
2.5900,-0.058082,-0.005923
2.6000,-0.513610,-0.052374
2.6100,-0.386765,-0.039439
2.6200,0.381046,0.038856
2.6300,0.610307,0.062234
2.6400,0.696688,0.071042
2.6500,0.738304,0.075286
2.6600,1.117680,0.113972
2.6700,0.657786,0.067076
2.6800,0.925799,0.094405
2.6900,1.036064,0.105649
2.7000,1.189983,0.121344
2.7100,0.466228,0.047542
2.7200,0.659912,0.067292
2.7300,1.168863,0.119191
2.7400,1.275535,0.130068
2.7500,1.107526,0.112936
2.7600,0.363726,0.037090
2.7700,0.475127,0.048449
2.7800,-0.144796,-0.014765
2.7900,0.072866,0.007430
2.8000,0.633527,0.064602
2.8100,0.359725,0.036682
2.8200,0.485689,0.049526
2.8300,0.944447,0.096307
2.8400,0.695749,0.070947
2.8500,0.446912,0.045572
2.8600,-0.214889,-0.021913
2.8700,-0.811783,-0.082779
2.8800,-1.151795,-0.117450
2.8900,-1.527386,-0.155750
2.9000,-1.626873,-0.165895
2.9100,-1.332711,-0.135899
2.9200,-1.339629,-0.136604
2.9300,-0.594092,-0.060581
2.9400,-0.432615,-0.044114
2.9500,-0.428225,-0.043667
2.9600,0.455778,0.046476
2.9700,0.432441,0.044097
2.9800,0.408422,0.041647
2.9900,0.513917,0.052405
3.0000,0.969874,0.098900
3.0100,0.746375,0.076109
3.0200,1.358177,0.138496
3.0300,1.157340,0.118016
3.0400,1.480852,0.151005
3.0500,1.939322,0.197756
3.0600,1.603721,0.163534
3.0700,1.309941,0.133577
3.0800,1.170577,0.119366
3.0900,0.982100,0.100146
3.1000,0.541365,0.055204
3.1100,1.099593,0.112127
3.1200,1.475181,0.150427
3.1300,0.894086,0.091171
3.1400,0.347476,0.035433
3.1500,-0.050277,-0.005127
3.1600,-0.449658,-0.045852
3.1700,-0.796764,-0.081247
3.1800,-1.048791,-0.106947
3.1900,-1.392930,-0.142039
3.2000,-1.285300,-0.131064
3.2100,-1.486800,-0.151611
3.2200,-1.692888,-0.172627
3.2300,-1.764209,-0.179899
3.2400,-1.727811,-0.176188
3.2500,-1.364551,-0.139145
3.2600,-1.216891,-0.124088
3.2700,-0.432708,-0.044124
3.2800,-0.051098,-0.005211
3.2900,-0.253546,-0.025854
3.3000,-0.268985,-0.027429
3.3100,-0.242372,-0.024715
3.3200,-0.338432,-0.034510
3.3300,-0.497458,-0.050727
3.3400,-0.894052,-0.091168
3.3500,-0.683141,-0.069661
3.3600,-1.151184,-0.117388
3.3700,-1.317065,-0.134303
3.3800,-1.310889,-0.133674
3.3900,-0.785436,-0.080092
3.4000,-0.974607,-0.099382
3.4100,-1.627572,-0.165966
3.4200,-1.814119,-0.184989
3.4300,-0.995350,-0.101497
3.4400,-0.634796,-0.064731
3.4500,-0.067259,-0.006858
3.4600,0.269524,0.027484
3.4700,0.466171,0.047536
3.4800,0.670296,0.068351
3.4900,1.417711,0.144566
3.5000,2.086793,0.212794
3.5100,1.670269,0.170320
3.5200,2.046369,0.208672
3.5300,2.347814,0.239410
3.5400,3.080448,0.314118
3.5500,3.451941,0.352000
3.5600,2.608906,0.266034
3.5700,1.688970,0.172227
3.5800,1.139055,0.116151
3.5900,0.930968,0.094932
3.6000,-0.277545,-0.028302
3.6100,-0.935117,-0.095355
3.6200,-0.833551,-0.084999
3.6300,-0.395716,-0.040352
3.6400,-0.217470,-0.022176
3.6500,0.296184,0.030202
3.6600,-0.064711,-0.006599
3.6700,-0.188993,-0.019272
3.6800,-0.338327,-0.034500
3.6900,-1.195827,-0.121940
3.7000,-0.445791,-0.045458
3.7100,-0.059353,-0.006052
3.7200,0.440132,0.044881
3.7300,0.912276,0.093026
3.7400,0.505420,0.051539
3.7500,0.504761,0.051471
3.7600,1.083057,0.110441
3.7700,1.184414,0.120777
3.7800,1.624973,0.165701
3.7900,1.809608,0.184529
3.8000,0.448532,0.045738
3.8100,0.575200,0.058654
3.8200,0.386365,0.039398
3.8300,-0.621673,-0.063393
3.8400,-0.581581,-0.059305
3.8500,-0.920984,-0.093914
3.8600,-1.860426,-0.189711
3.8700,-1.675950,-0.170899
3.8800,-0.812664,-0.082869
3.8900,-0.957685,-0.097657
3.9000,-0.329888,-0.033639
3.9100,-0.609098,-0.062111
3.9200,-1.602852,-0.163445
3.9300,-2.142835,-0.218508
3.9400,-2.169605,-0.221238
3.9500,-0.831001,-0.084739
3.9600,-0.646398,-0.065914
3.9700,-0.940907,-0.095946
3.9800,-1.100501,-0.112220
3.9900,-1.082769,-0.110412
4.0000,-1.426448,-0.145457
4.0100,-1.624126,-0.165615
4.0200,-0.650195,-0.066301
4.0300,-0.195958,-0.019982
4.0400,0.096156,0.009805
4.0500,0.483735,0.049327
4.0600,0.374924,0.038232
4.0700,0.005878,0.000599
4.0800,-0.269739,-0.027506
4.0900,-0.248178,-0.025307
4.1000,-0.768533,-0.078369
4.1100,-0.199431,-0.020336
4.1200,-0.246167,-0.025102
4.1300,1.344640,0.137115
4.1400,1.014194,0.103419
4.1500,0.641986,0.065464
4.1600,0.668015,0.068119
4.1700,1.160136,0.118301
4.1800,1.156419,0.117922
4.1900,0.744826,0.075951
4.2000,0.578111,0.058951
4.2100,0.229861,0.023439
4.2200,-0.392348,-0.040008
4.2300,-0.609126,-0.062114
4.2400,-1.384645,-0.141194
4.2500,-1.289919,-0.131535
4.2600,-0.321946,-0.032829
4.2700,-1.056958,-0.107780
4.2800,-0.948418,-0.096712
4.2900,-0.537657,-0.054826
4.3000,-1.106218,-0.112803
4.3100,-0.741764,-0.075639
4.3200,-0.322614,-0.032897
4.3300,-0.067088,-0.006841
4.3400,-0.656827,-0.066978
4.3500,-0.385768,-0.039337
4.3600,0.778382,0.079373
4.3700,0.510557,0.052062
4.3800,0.794828,0.081050
4.3900,1.168715,0.119176
4.4000,1.042081,0.106263
4.4100,0.031202,0.003182
4.4200,1.104786,0.112657
4.4300,1.159031,0.118188
4.4400,1.870073,0.190694
4.4500,2.035539,0.207567
4.4600,2.217684,0.226141
4.4700,2.163912,0.220658
4.4800,1.716444,0.175029
4.4900,1.185309,0.120868
4.5000,0.539929,0.055057
4.5100,0.407957,0.041600
4.5200,0.278951,0.028445
4.5300,0.430187,0.043867
4.5400,-0.240578,-0.024532
4.5500,0.009460,0.000965
4.5600,0.923306,0.094151
4.5700,0.720127,0.073433
4.5800,0.561496,0.057257
4.5900,0.056874,0.005800
4.6000,-0.027914,-0.002846
4.6100,0.143448,0.014628
4.6200,0.026512,0.002703
4.6300,-0.102045,-0.010406
4.6400,0.063169,0.006441
4.6500,0.278402,0.028389
4.6600,-0.539752,-0.055039
4.6700,-1.406585,-0.143432
4.6800,-2.282175,-0.232717
4.6900,-2.559503,-0.260997
4.7000,-1.737996,-0.177226
4.7100,-2.512875,-0.256242
4.7200,-2.283099,-0.232811
4.7300,-2.108027,-0.214959
4.7400,-2.436745,-0.248479
4.7500,-1.482535,-0.151176
4.7600,-1.302762,-0.132845
4.7700,-0.613497,-0.062559
4.7800,-0.484542,-0.049410
4.7900,0.122445,0.012486
4.8000,0.955301,0.097414
4.8100,-0.180965,-0.018453
4.8200,-0.131653,-0.013425
4.8300,0.501185,0.051107
4.8400,0.142965,0.014578
4.8500,-0.184408,-0.018804
4.8600,-0.786981,-0.080250
4.8700,-0.232441,-0.023702
4.8800,0.764306,0.077938
4.8900,1.148137,0.117077
4.9000,0.905999,0.092386
4.9100,0.415234,0.042342
4.9200,-0.541513,-0.055219
4.9300,-1.535654,-0.156593
4.9400,-0.256835,-0.026190
4.9500,0.367945,0.037520
4.9600,0.286580,0.029223
4.9700,1.557875,0.158859
4.9800,2.004419,0.204394
4.9900,1.859267,0.189592
5.0000,2.128301,0.217026
5.0100,0.500114,0.050997
5.0200,-0.077217,-0.007874
5.0300,0.481861,0.049136
5.0400,-0.146297,-0.014918
5.0500,-0.279201,-0.028471
5.0600,-0.270785,-0.027612
5.0700,0.491097,0.050078
5.0800,0.825022,0.084129
5.0900,0.568972,0.058019
5.1000,1.533379,0.156361
5.1100,1.476158,0.150526
5.1200,0.950859,0.096961
5.1300,0.891325,0.090890
5.1400,0.405482,0.041348
5.1500,-0.350854,-0.035777
5.1600,-0.109035,-0.011119
5.1700,-0.242040,-0.024681
5.1800,-0.036281,-0.003700
5.1900,-0.298647,-0.030453
5.2000,-0.562302,-0.057339
5.2100,0.016536,0.001686
5.2200,-0.190379,-0.019413
5.2300,0.513724,0.052385
5.2400,-0.083855,-0.008551
5.2500,-1.236360,-0.126074
5.2600,-1.754382,-0.178897
5.2700,-2.395491,-0.244272
5.2800,-2.332831,-0.237883
5.2900,-2.628544,-0.268037
5.3000,-1.998051,-0.203744
5.3100,-1.779261,-0.181434
5.3200,-1.539883,-0.157024
5.3300,-0.827591,-0.084391
5.3400,-1.906084,-0.194366
5.3500,-1.470597,-0.149959
5.3600,-0.760894,-0.077590
5.3700,-0.191853,-0.019564
5.3800,0.341366,0.034810
5.3900,-0.070351,-0.007174
5.4000,-0.054853,-0.005593
5.4100,0.621593,0.063385
5.4200,0.744105,0.075878
5.4300,1.610650,0.164241
5.4400,1.157725,0.118055
5.4500,1.049412,0.107010
5.4600,1.078590,0.109986
5.4700,0.343602,0.035038
5.4800,-0.816761,-0.083286
5.4900,-0.607691,-0.061967
5.5000,-0.193744,-0.019756
5.5100,0.273023,0.027841
5.5200,-0.158239,-0.016136
5.5300,-0.282807,-0.028838
5.5400,-1.029925,-0.105023
5.5500,-0.626700,-0.063906
5.5600,-0.177428,-0.018093
5.5700,0.070671,0.007206
5.5800,0.470795,0.048008
5.5900,0.232374,0.023696
5.6000,0.495311,0.050508
5.6100,-0.879893,-0.089724
5.6200,-0.544172,-0.055490
5.6300,-0.128615,-0.013115
5.6400,-0.390961,-0.039867
5.6500,0.275521,0.028095
5.6600,0.645010,0.065773
5.6700,1.367606,0.139457
5.6800,1.292920,0.131841
5.6900,1.296666,0.132223
5.7000,0.820532,0.083671
5.7100,0.704223,0.071811
5.7200,1.184461,0.120781
5.7300,1.041565,0.106210
5.7400,1.305911,0.133166
5.7500,0.765037,0.078012
5.7600,0.440153,0.044883
5.7700,0.165963,0.016923
5.7800,-0.120517,-0.012289
5.7900,0.169644,0.017299
5.8000,0.087888,0.008962
5.8100,-0.484204,-0.049375
5.8200,-0.500347,-0.051021
5.8300,-1.045923,-0.106655
5.8400,-0.272485,-0.027786
5.8500,-0.537076,-0.054766
5.8600,-0.432420,-0.044095
5.8700,-0.035519,-0.003622
5.8800,-0.091699,-0.009351
5.8900,-0.355996,-0.036302
5.9000,0.118348,0.012068
5.9100,-0.469973,-0.047924
5.9200,-0.623981,-0.063628
5.9300,-0.405332,-0.041332
5.9400,-2.158208,-0.220076
5.9500,-2.076317,-0.211725
5.9600,-2.436277,-0.248431
5.9700,-2.777258,-0.283201
5.9800,-2.856080,-0.291239
5.9900,-1.917518,-0.195532
6.0000,-1.558439,-0.158917
6.0100,-0.899362,-0.091709
6.0200,-0.307337,-0.031340
6.0300,0.245540,0.025038
6.0400,0.435298,0.044388
6.0500,0.678534,0.069191
6.0600,0.421889,0.043021
6.0700,0.506401,0.051639
6.0800,1.240819,0.126528
6.0900,1.627755,0.165985
6.1000,2.085968,0.212710
6.1100,1.617027,0.164891
6.1200,0.926843,0.094512
6.1300,-0.126188,-0.012868
6.1400,-0.026856,-0.002739
6.1500,0.306410,0.031245
6.1600,0.259486,0.026460
6.1700,0.166875,0.017016
6.1800,-0.146744,-0.014964
6.1900,-0.452311,-0.046123
6.2000,-1.097595,-0.111924
6.2100,-1.582173,-0.161337
6.2200,-1.159595,-0.118246
6.2300,-1.492796,-0.152223
6.2400,-1.142113,-0.116463
6.2500,-0.330916,-0.033744
6.2600,-0.519304,-0.052954
6.2700,0.087385,0.008911
6.2800,0.682679,0.069614
6.2900,0.800516,0.081630
6.3000,0.162861,0.016607
6.3100,0.177914,0.018142
6.3200,1.108356,0.113021
6.3300,1.176373,0.119957
6.3400,1.774681,0.180967
6.3500,1.938176,0.197639
6.3600,2.269300,0.231404
6.3700,2.480256,0.252916
6.3800,2.289890,0.233504
6.3900,2.099697,0.214109
6.4000,1.507944,0.153768
6.4100,0.888682,0.090620
6.4200,0.635025,0.064754
6.4300,-0.492936,-0.050265
6.4400,-0.516108,-0.052628
6.4500,-0.117352,-0.011967
6.4600,0.483249,0.049278
6.4700,-0.138883,-0.014162
6.4800,-0.398816,-0.040668
6.4900,-0.234925,-0.023956
6.5000,0.538253,0.054887
6.5100,0.118301,0.012063
6.5200,-0.044989,-0.004588
6.5300,0.541912,0.055260
6.5400,0.066429,0.006774
6.5500,-0.076519,-0.007803
6.5600,-0.890771,-0.090833
6.5700,-1.659483,-0.169220
6.5800,-1.520662,-0.155064
6.5900,-1.394067,-0.142155
6.6000,-0.818397,-0.083453
6.6100,0.106200,0.010829
6.6200,0.323988,0.033038
6.6300,1.086975,0.110841
6.6400,1.206940,0.123074
6.6500,0.934590,0.095302
6.6600,1.336941,0.136330
6.6700,1.163511,0.118645
6.6800,-0.143905,-0.014674
6.6900,-0.489354,-0.049900
6.7000,0.167678,0.017098
6.7100,-0.203926,-0.020795
6.7200,-0.438178,-0.044682
6.7300,-0.032270,-0.003291
6.7400,1.178599,0.120184
6.7500,0.755745,0.077065
6.7600,0.715273,0.072938
6.7700,1.088333,0.110979
6.7800,1.164978,0.118795
6.7900,0.807582,0.082350
6.8000,0.446823,0.045563
6.8100,0.524045,0.053438
6.8200,0.930141,0.094848
6.8300,0.143756,0.014659
6.8400,-0.415822,-0.042402
6.8500,-0.765361,-0.078045
6.8600,0.018575,0.001894
6.8700,0.066202,0.006751
6.8800,-1.231099,-0.125537
6.8900,-1.692031,-0.172539
6.9000,-1.353676,-0.138036
6.9100,-1.266875,-0.129185
6.9200,-1.797437,-0.183288
6.9300,-1.432408,-0.146065
6.9400,-1.328731,-0.135493
6.9500,-1.162121,-0.118503
6.9600,-1.293753,-0.131926
6.9700,-1.729482,-0.176358
6.9800,-1.183739,-0.120708
6.9900,-0.790707,-0.080630
7.0000,-0.345562,-0.035238
7.0100,0.361746,0.036888
7.0200,0.033808,0.003447
7.0300,0.116267,0.011856
7.0400,-0.055304,-0.005639
7.0500,0.015945,0.001626
7.0600,0.139579,0.014233
7.0700,0.136419,0.013911
7.0800,0.222665,0.022705
7.0900,0.144148,0.014699
7.1000,-0.026898,-0.002743
7.1100,-0.102185,-0.010420
7.1200,0.344323,0.035111
7.1300,0.347619,0.035447
7.1400,0.978470,0.099776
7.1500,0.849461,0.086621
7.1600,0.188717,0.019244
7.1700,-0.760892,-0.077589
7.1800,-1.050905,-0.107162
7.1900,-0.927385,-0.094567
7.2000,-0.304734,-0.031074
7.2100,-0.098623,-0.010057
7.2200,-0.092901,-0.009473
7.2300,-0.169973,-0.017332
7.2400,0.327458,0.033391
7.2500,0.450368,0.045925
7.2600,1.052212,0.107296
7.2700,1.438984,0.146736
7.2800,0.178722,0.018225
7.2900,0.068523,0.006987
7.3000,-0.361292,-0.036842
7.3100,-0.381969,-0.038950
7.3200,0.100942,0.010293
7.3300,0.162529,0.016573
7.3400,-0.619715,-0.063193
7.3500,0.220864,0.022522
7.3600,-0.082019,-0.008364
7.3700,0.680831,0.069425
7.3800,1.006001,0.102584
7.3900,0.910759,0.092872
7.4000,0.587796,0.059939
7.4100,1.011587,0.103153
7.4200,0.559152,0.057018
7.4300,0.107493,0.010961
7.4400,0.027051,0.002758
7.4500,0.535223,0.054578
7.4600,0.886257,0.090373
7.4700,0.883840,0.090127
7.4800,0.195751,0.019961
7.4900,-0.153859,-0.015689
7.5000,0.058401,0.005955
7.5100,-0.585151,-0.059669
7.5200,-0.345846,-0.035266
7.5300,-0.307637,-0.031370
7.5400,-0.822392,-0.083861
7.5500,-0.950285,-0.096902
7.5600,-0.518050,-0.052826
7.5700,-0.860770,-0.087774
7.5800,-1.294916,-0.132045
7.5900,-0.784110,-0.079957
7.6000,-0.532223,-0.054272
7.6100,-0.138573,-0.014131
7.6200,0.259949,0.026507
7.6300,-0.145975,-0.014885
7.6400,0.067650,0.006898
7.6500,0.303677,0.030966
7.6600,1.390691,0.141811
7.6700,1.301464,0.132712
7.6800,0.760264,0.077525
7.6900,0.135115,0.013778
7.7000,-0.552086,-0.056297
7.7100,-0.414520,-0.042269
7.7200,-0.427252,-0.043568
7.7300,-0.618173,-0.063036
7.7400,-0.692921,-0.070658
7.7500,-0.610290,-0.062232
7.7600,0.037966,0.003871
7.7700,-0.386220,-0.039383
7.7800,-0.334418,-0.034101
7.7900,-0.474558,-0.048391
7.8000,-0.596081,-0.060783
7.8100,-0.166504,-0.016979
7.8200,-0.110770,-0.011295
7.8300,-0.243998,-0.024881
7.8400,-0.512524,-0.052263
7.8500,-0.609712,-0.062173
7.8600,-0.211335,-0.021550
7.8700,0.906012,0.092388
7.8800,1.180264,0.120353
7.8900,1.421726,0.144976
7.9000,1.999050,0.203846
7.9100,2.087898,0.212906
7.9200,1.494354,0.152382
7.9300,0.424625,0.043300
7.9400,0.275198,0.028062
7.9500,0.750062,0.076485
7.9600,0.702122,0.071596
7.9700,0.588790,0.060040
7.9800,0.860323,0.087729
7.9900,0.279984,0.028550
8.0000,0.425136,0.043352
8.0100,0.258444,0.026354
8.0200,1.070109,0.109121
8.0300,1.050940,0.107166
8.0400,0.713849,0.072792
8.0500,1.083112,0.110447
8.0600,0.807292,0.082321
8.0700,0.441222,0.044992
8.0800,0.353734,0.036071
8.0900,0.222458,0.022684
8.1000,0.038940,0.003971
8.1100,-0.260128,-0.026526
8.1200,-0.032051,-0.003268
8.1300,-0.727375,-0.074172
8.1400,-0.489228,-0.049887
8.1500,-0.875894,-0.089316
8.1600,-1.118578,-0.114063
8.1700,-1.443763,-0.147223
8.1800,-1.046965,-0.106761
8.1900,-1.079959,-0.110125
8.2000,-0.662970,-0.067604
8.2100,-0.343302,-0.035007
8.2200,-0.191863,-0.019565
8.2300,-0.183038,-0.018665
8.2400,-0.623734,-0.063603
8.2500,0.076003,0.007750
8.2600,0.271331,0.027668
8.2700,0.275647,0.028108
8.2800,0.339897,0.034660
8.2900,0.429713,0.043819
8.3000,0.767705,0.078284
8.3100,0.778231,0.079357
8.3200,0.260835,0.026598
8.3300,0.352197,0.035914
8.3400,0.884811,0.090226
8.3500,0.068805,0.007016
8.3600,-0.598299,-0.061010
8.3700,-0.142966,-0.014578
8.3800,-0.659589,-0.067259
8.3900,-0.785712,-0.080120
8.4000,-0.773309,-0.078856
8.4100,-1.198014,-0.122163
8.4200,-1.743099,-0.177747
8.4300,-1.367562,-0.139453
8.4400,-1.358097,-0.138487
8.4500,-1.039507,-0.106000
8.4600,-0.687334,-0.070089
8.4700,-0.575432,-0.058678
8.4800,-0.619526,-0.063174
8.4900,-0.352427,-0.035938
8.5000,-0.661392,-0.067443
8.5100,-0.061783,-0.006300
8.5200,-0.227996,-0.023249
8.5300,-0.087951,-0.008969
8.5400,-0.148970,-0.015191
8.5500,-0.219926,-0.022426
8.5600,0.331169,0.033770
8.5700,0.426993,0.043541
8.5800,0.345536,0.035235
8.5900,0.347675,0.035453
8.6000,0.024534,0.002502
8.6100,-0.027725,-0.002827
8.6200,-0.257172,-0.026224
8.6300,-0.553695,-0.056461
8.6400,-1.208990,-0.123283
8.6500,-0.882841,-0.090025
8.6600,-0.526765,-0.053715
8.6700,-1.034597,-0.105500
8.6800,-1.044399,-0.106499
8.6900,-0.960506,-0.097944
8.7000,-0.322705,-0.032907
8.7100,-0.347832,-0.035469
8.7200,-0.233741,-0.023835
8.7300,0.422547,0.043088
8.7400,0.891410,0.090899
8.7500,0.783154,0.079859
8.7600,0.360619,0.036773
8.7700,0.054177,0.005525
8.7800,0.294600,0.030041
8.7900,0.268002,0.027329
8.8000,0.254619,0.025964
8.8100,0.333387,0.033996
8.8200,-0.048468,-0.004942
8.8300,-0.535351,-0.054591
8.8400,-0.509046,-0.051908
8.8500,-0.799517,-0.081528
8.8600,-0.933990,-0.095241
8.8700,-0.927469,-0.094576
8.8800,-0.742361,-0.075700
8.8900,-0.390904,-0.039861
8.9000,-1.037970,-0.105844
8.9100,-0.766125,-0.078123
8.9200,-0.589376,-0.060100
8.9300,-0.075564,-0.007705
8.9400,0.440213,0.044889
8.9500,0.902630,0.092043
8.9600,1.237098,0.126149
8.9700,1.102936,0.112468
8.9800,1.000469,0.102019
8.9900,0.582114,0.059359
9.0000,0.315726,0.032195
9.0100,0.365213,0.037241
9.0200,0.979072,0.099838
9.0300,1.202323,0.122603
9.0400,1.057506,0.107836
9.0500,0.940751,0.095930
9.0600,1.040762,0.106128
9.0700,0.654424,0.066733
9.0800,0.437940,0.044657
9.0900,0.912715,0.093071
9.1000,0.428420,0.043687
9.1100,0.693277,0.070695
9.1200,0.831908,0.084831
9.1300,0.938105,0.095660
9.1400,0.748963,0.076373
9.1500,-0.002009,-0.000205
9.1600,-0.049537,-0.005051
9.1700,-0.233067,-0.023766
9.1800,-0.390153,-0.039785
9.1900,-0.828525,-0.084486
9.2000,-1.018966,-0.103906
9.2100,-1.057626,-0.107848
9.2200,-0.588588,-0.060019
9.2300,-0.806720,-0.082263
9.2400,-0.817679,-0.083380
9.2500,-0.594568,-0.060629
9.2600,-0.465015,-0.047418
9.2700,0.305023,0.031104
9.2800,0.077367,0.007889
9.2900,-0.570554,-0.058180
9.3000,-0.237795,-0.024248
9.3100,-0.311329,-0.031747
9.3200,0.149192,0.015213
9.3300,-0.182567,-0.018617
9.3400,-0.255640,-0.026068
9.3500,-0.440864,-0.044956
9.3600,-0.190348,-0.019410
9.3700,-0.203892,-0.020791
9.3800,-0.013688,-0.001396
9.3900,0.138518,0.014125
9.4000,-0.304241,-0.031024
9.4100,-0.153825,-0.015686
9.4200,-0.149494,-0.015244
9.4300,-0.104392,-0.010645
9.4400,0.220703,0.022505
9.4500,0.368938,0.037621
9.4600,0.516790,0.052698
9.4700,0.555962,0.056692
9.4800,0.932306,0.095069
9.4900,1.115385,0.113738
9.5000,1.396203,0.142373
9.5100,1.528948,0.155909
9.5200,0.886085,0.090355
9.5300,0.976361,0.099561
9.5400,1.066764,0.108780
9.5500,1.036043,0.105647
9.5600,0.460531,0.046961
9.5700,0.094253,0.009611
9.5800,-0.342121,-0.034887
9.5900,-0.385182,-0.039278
9.6000,-0.111296,-0.011349
9.6100,0.188864,0.019259
9.6200,0.291262,0.029701
9.6300,0.349841,0.035674
9.6400,0.877714,0.089502
9.6500,0.415947,0.042415
9.6600,-0.293213,-0.029899
9.6700,-0.571080,-0.058234
9.6800,-0.384806,-0.039239
9.6900,-0.286290,-0.029193
9.7000,-0.249379,-0.025430
9.7100,0.220989,0.022535
9.7200,-0.030982,-0.003159
9.7300,-0.367152,-0.037439
9.7400,-0.547775,-0.055858
9.7500,-0.603175,-0.061507
9.7600,-0.711036,-0.072505
9.7700,-0.667176,-0.068033
9.7800,-0.664295,-0.067739
9.7900,-0.534505,-0.054504
9.8000,-0.019757,-0.002015
9.8100,0.374297,0.038168
9.8200,0.742041,0.075667
9.8300,1.379511,0.140671
9.8400,1.392525,0.141998
9.8500,1.399425,0.142702
9.8600,0.952051,0.097082
9.8700,0.305222,0.031124
9.8800,0.255356,0.026039
9.8900,0.366962,0.037420
9.9000,-0.177726,-0.018123
9.9100,-0.188306,-0.019202
9.9200,0.273268,0.027866
9.9300,0.426400,0.043481
9.9400,0.232490,0.023707
9.9500,0.503428,0.051335
9.9600,0.118423,0.012076
9.9700,0.634189,0.064669
9.9800,0.853204,0.087003
9.9900,0.874627,0.089187
10.0000,1.050415,0.107113
10.0100,0.814822,0.083089
10.0200,1.024963,0.104517
10.0300,0.851014,0.086779
10.0400,0.659062,0.067206
10.0500,0.308680,0.031477
10.0600,-0.400539,-0.040844
10.0700,-0.020442,-0.002084
10.0800,-0.194816,-0.019866
10.0900,-0.258656,-0.026376
10.1000,-0.296304,-0.030215
10.1100,0.430762,0.043926
10.1200,0.689807,0.070341
10.1300,-0.268537,-0.027383
10.1400,-0.542421,-0.055312
10.1500,-0.462927,-0.047205
10.1600,-0.697380,-0.071113
10.1700,-0.805533,-0.082141
10.1800,-0.531688,-0.054217
10.1900,-0.554763,-0.056570
10.2000,-0.687539,-0.070109
10.2100,-0.403283,-0.041123
10.2200,-0.417138,-0.042536
10.2300,-0.930766,-0.094912
10.2400,-0.864708,-0.088176
10.2500,-0.865754,-0.088282
10.2600,-0.839376,-0.085593
10.2700,-0.694850,-0.070855
10.2800,0.177587,0.018109
10.2900,-0.038714,-0.003948
10.3000,0.063166,0.006441
10.3100,0.205673,0.020973
10.3200,0.043673,0.004453
10.3300,-0.049363,-0.005034
10.3400,0.003152,0.000321
10.3500,0.153122,0.015614
10.3600,0.201402,0.020537
10.3700,0.037411,0.003815
10.3800,-0.525566,-0.053593
10.3900,-0.768017,-0.078316
10.4000,-0.565740,-0.057689
10.4100,-0.630880,-0.064332
10.4200,-0.380560,-0.038806
10.4300,-0.326234,-0.033267
10.4400,-0.435914,-0.044451
10.4500,-0.959873,-0.097880
10.4600,-0.868643,-0.088577
10.4700,-0.840256,-0.085682
10.4800,-0.975015,-0.099424
10.4900,-0.242742,-0.024753
10.5000,0.079030,0.008059
10.5100,0.203070,0.020707
10.5200,0.315896,0.032212
10.5300,0.547972,0.055878
10.5400,0.064554,0.006583
10.5500,-0.217907,-0.022220
10.5600,-0.325972,-0.033240
10.5700,-0.110621,-0.011280
10.5800,-0.115627,-0.011791
10.5900,0.353353,0.036032
10.6000,0.045131,0.004602
10.6100,-0.110693,-0.011288
10.6200,-0.541289,-0.055196
10.6300,-0.911831,-0.092981
10.6400,-0.665902,-0.067903
10.6500,-1.126493,-0.114870
10.6600,-0.747456,-0.076219
10.6700,-0.743776,-0.075844
10.6800,-0.362794,-0.036995
10.6900,-0.073009,-0.007445
10.7000,0.066031,0.006733
10.7100,0.219526,0.022385
10.7200,-0.308189,-0.031427
10.7300,-0.650854,-0.066369
10.7400,-0.723899,-0.073817
10.7500,-0.551823,-0.056270
10.7600,-0.578947,-0.059036
10.7700,-0.330841,-0.033736
10.7800,-0.165322,-0.016858
10.7900,-0.048851,-0.004981
10.8000,0.059349,0.006052
10.8100,-0.011025,-0.001124
10.8200,-0.179626,-0.018317
10.8300,-0.353330,-0.036030
10.8400,-0.003224,-0.000329
10.8500,0.166152,0.016943
10.8600,0.140046,0.014281
10.8700,0.432329,0.044085
10.8800,0.133615,0.013625
10.8900,0.365669,0.037288
10.9000,0.375728,0.038314
10.9100,0.310845,0.031697
10.9200,-0.010534,-0.001074
10.9300,-0.191477,-0.019525
10.9400,0.031117,0.003173
10.9500,-0.010740,-0.001095
10.9600,-0.280752,-0.028629
10.9700,-0.359620,-0.036671
10.9800,-0.164970,-0.016822
10.9900,-0.220664,-0.022501
11.0000,-0.220383,-0.022473
11.0100,-0.528260,-0.053868
11.0200,-0.764576,-0.077965
11.0300,-0.866894,-0.088399
11.0400,-0.559975,-0.057102
11.0500,-0.538355,-0.054897
11.0600,-0.648234,-0.066101
11.0700,-0.444634,-0.045340
11.0800,-0.278537,-0.028403
11.0900,-0.169240,-0.017258
11.1000,-0.122818,-0.012524
11.1100,-0.046676,-0.004760
11.1200,0.142927,0.014574
11.1300,0.416866,0.042509
11.1400,0.424798,0.043317
11.1500,0.728716,0.074308
11.1600,0.652535,0.066540
11.1700,0.450732,0.045962
11.1800,1.019939,0.104005
11.1900,0.871520,0.088870
11.2000,0.907360,0.092525
11.2100,1.162198,0.118511
11.2200,1.188603,0.121204
11.2300,0.570679,0.058193
11.2400,0.820782,0.083696
11.2500,1.328891,0.135509
11.2600,1.254008,0.127873
11.2700,1.218697,0.124272
11.2800,1.043398,0.106397
11.2900,0.872954,0.089017
11.3000,0.704855,0.071875
11.3100,0.563456,0.057456
11.3200,0.568767,0.057998
11.3300,0.302764,0.030873
11.3400,0.144900,0.014776
11.3500,-0.018408,-0.001877
11.3600,0.109970,0.011214
11.3700,-0.144110,-0.014695
11.3800,0.030874,0.003148
11.3900,0.167877,0.017119
11.4000,0.081820,0.008343
11.4100,-0.191383,-0.019516
11.4200,-0.550236,-0.056108
11.4300,-0.707309,-0.072125
11.4400,-1.181014,-0.120430
11.4500,-1.330831,-0.135707
11.4600,-1.210774,-0.123465
11.4700,-0.992902,-0.101248
11.4800,-0.657206,-0.067016
11.4900,-0.581196,-0.059266
11.5000,-0.669906,-0.068311
11.5100,-0.870914,-0.088809
11.5200,-1.142632,-0.116516
11.5300,-0.963004,-0.098199
11.5400,-0.833841,-0.085028
11.5500,-0.627592,-0.063997
11.5600,-0.558878,-0.056990
11.5700,-0.158995,-0.016213
11.5800,-0.082536,-0.008416
11.5900,0.090886,0.009268
11.6000,-0.075749,-0.007724
11.6100,-0.065685,-0.006698
11.6200,-0.160900,-0.016407
11.6300,-0.064284,-0.006555
11.6400,-0.236028,-0.024068
11.6500,-0.207174,-0.021126
11.6600,-0.149802,-0.015276
11.6700,-0.031652,-0.003228
11.6800,-0.166293,-0.016957
11.6900,-0.220599,-0.022495
11.7000,-0.208669,-0.021278
11.7100,-0.153512,-0.015654
11.7200,-0.484564,-0.049412
11.7300,-0.700896,-0.071471
11.7400,-0.396142,-0.040395
11.7500,-0.158047,-0.016116
11.7600,-0.388004,-0.039565
11.7700,-0.075363,-0.007685
11.7800,0.008535,0.000870
11.7900,-0.260377,-0.026551
11.8000,-0.148923,-0.015186
11.8100,0.133195,0.013582
11.8200,0.302728,0.030870
11.8300,0.513934,0.052407
11.8400,0.379161,0.038664
11.8500,0.166481,0.016976
11.8600,0.007484,0.000763
11.8700,0.152573,0.015558
11.8800,0.118093,0.012042
11.8900,0.222770,0.022716
11.9000,0.178676,0.018220
11.9100,0.232901,0.023749
11.9200,0.165033,0.016829
11.9300,0.357012,0.036405
11.9400,0.548359,0.055917
11.9500,0.465802,0.047499
11.9600,0.657915,0.067089
11.9700,0.935655,0.095410
11.9800,0.567852,0.057905
11.9900,0.348473,0.035534
12.0000,0.158616,0.016174
12.0100,-0.268080,-0.027337
12.0200,0.026339,0.002686
12.0300,-0.021648,-0.002207
12.0400,0.216429,0.022070
12.0500,0.349139,0.035602
12.0600,0.352482,0.035943
12.0700,0.508506,0.051853
12.0800,0.399304,0.040718
12.0900,0.165990,0.016926
12.1000,-0.108721,-0.011086
12.1100,0.203334,0.020734
12.1200,0.463180,0.047231
12.1300,0.278711,0.028421
12.1400,0.272342,0.027771
12.1500,0.416168,0.042437
12.1600,-0.082530,-0.008416
12.1700,0.007932,0.000809
12.1800,0.010206,0.001041
12.1900,-0.228413,-0.023292
12.2000,-0.334587,-0.034118
12.2100,-0.030211,-0.003081
12.2200,0.035448,0.003615
12.2300,0.027172,0.002771
12.2400,0.402205,0.041014
12.2500,0.505638,0.051561
12.2600,0.782883,0.079832
12.2700,0.790895,0.080649
12.2800,1.112186,0.113411
12.2900,0.902326,0.092012
12.3000,0.652302,0.066516
12.3100,0.418001,0.042624
12.3200,0.147752,0.015066
12.3300,-0.010144,-0.001034
12.3400,-0.178080,-0.018159
12.3500,-0.154146,-0.015719
12.3600,0.277223,0.028269
12.3700,0.381144,0.038866
12.3800,0.422621,0.043095
12.3900,0.366355,0.037358
12.4000,0.259622,0.026474
12.4100,0.164200,0.016744
12.4200,0.313129,0.031930
12.4300,0.356885,0.036392
12.4400,0.533232,0.054375
12.4500,0.471697,0.048100
12.4600,0.245777,0.025062
12.4700,0.318912,0.032520
12.4800,0.296996,0.030285
12.4900,0.113900,0.011615
12.5000,0.071612,0.007302
12.5100,-0.029255,-0.002983
12.5200,-0.098726,-0.010067
12.5300,0.286711,0.029236
12.5400,0.807413,0.082333
12.5500,0.889507,0.090705
12.5600,1.030138,0.105045
12.5700,1.436543,0.146487
12.5800,1.482604,0.151183
12.5900,1.725489,0.175951
12.6000,1.665584,0.169842
12.6100,1.476580,0.150569
12.6200,1.557653,0.158836
12.6300,1.197088,0.122069
12.6400,0.832139,0.084855
12.6500,0.554060,0.056498
12.6600,0.149711,0.015266
12.6700,-0.125972,-0.012846
12.6800,-0.218032,-0.022233
12.6900,-0.174773,-0.017822
12.7000,-0.320308,-0.032662
12.7100,-0.424229,-0.043259
12.7200,-0.538061,-0.054867
12.7300,-0.580249,-0.059169
12.7400,-0.404930,-0.041291
12.7500,-0.175344,-0.017880
12.7600,-0.390276,-0.039797
12.7700,-0.545122,-0.055587
12.7800,-0.384571,-0.039215
12.7900,-0.126182,-0.012867
12.8000,0.119722,0.012208
12.8100,0.334902,0.034150
12.8200,0.230754,0.023530
12.8300,0.241906,0.024668
12.8400,0.038061,0.003881
12.8500,-0.194954,-0.019880
12.8600,-0.302235,-0.030819
12.8700,-0.315727,-0.032195
12.8800,-0.213055,-0.021726
12.8900,-0.139031,-0.014177
12.9000,-0.290652,-0.029638
12.9100,-0.252283,-0.025726
12.9200,-0.289408,-0.029511
12.9300,-0.042168,-0.004300
12.9400,-0.226961,-0.023144
12.9500,-0.178810,-0.018234
12.9600,0.133872,0.013651
12.9700,-0.045876,-0.004678
12.9800,-0.101185,-0.010318
12.9900,-0.011950,-0.001219
13.0000,-0.189076,-0.019280
13.0100,-0.284514,-0.029012
13.0200,-0.222639,-0.022703
13.0300,-0.167863,-0.017117
13.0400,0.069090,0.007045
13.0500,0.242320,0.024710
13.0600,0.314445,0.032064
13.0700,0.111612,0.011381
13.0800,-0.000631,-0.000064
13.0900,-0.353859,-0.036084
13.1000,-0.274174,-0.027958
13.1100,-0.251197,-0.025615
13.1200,-0.216214,-0.022048
13.1300,-0.225495,-0.022994
13.1400,-0.407316,-0.041535
13.1500,-0.391493,-0.039921
13.1600,-0.539356,-0.054999
13.1700,-0.319401,-0.032570
13.1800,-0.087729,-0.008946
13.1900,-0.011722,-0.001195
13.2000,-0.073971,-0.007543
13.2100,0.042788,0.004363
13.2200,-0.070313,-0.007170
13.2300,-0.203445,-0.020746
13.2400,-0.201906,-0.020589
13.2500,-0.215938,-0.022020
13.2600,-0.476279,-0.048567
13.2700,-0.464511,-0.047367
13.2800,-0.523653,-0.053398
13.2900,-0.763136,-0.077818
13.3000,-0.991166,-0.101071
13.3100,-0.879610,-0.089695
13.3200,-0.684995,-0.069850
13.3300,-0.344974,-0.035178
13.3400,0.069447,0.007082
13.3500,0.156881,0.015997
13.3600,0.202508,0.020650
13.3700,0.352705,0.035966
13.3800,0.275768,0.028121
13.3900,0.182417,0.018601
13.4000,0.243149,0.024794
13.4100,0.031288,0.003190
13.4200,-0.142075,-0.014488
13.4300,-0.338521,-0.034520
13.4400,-0.505681,-0.051565
13.4500,-0.751507,-0.076632
13.4600,-0.672288,-0.068554
13.4700,-0.664532,-0.067763
13.4800,-0.554578,-0.056551
13.4900,-0.491733,-0.050143
13.5000,-0.394896,-0.040268
13.5100,-0.516260,-0.052644
13.5200,-0.472028,-0.048133
13.5300,-0.399506,-0.040738
13.5400,-0.272936,-0.027832
13.5500,-0.012705,-0.001296
13.5600,-0.126878,-0.012938
13.5700,-0.257981,-0.026307
13.5800,-0.193278,-0.019709
13.5900,-0.146359,-0.014925
13.6000,-0.084351,-0.008601
13.6100,0.007273,0.000742
13.6200,-0.045101,-0.004599
13.6300,0.050180,0.005117
13.6400,0.070980,0.007238
13.6500,-0.240651,-0.024540
13.6600,-0.269591,-0.027491
13.6700,-0.343050,-0.034981
13.6800,-0.348337,-0.035520
13.6900,-0.564583,-0.057571
13.7000,-0.700619,-0.071443
13.7100,-0.618457,-0.063065
13.7200,-0.385780,-0.039339
13.7300,-0.151231,-0.015421
13.7400,-0.326054,-0.033248
13.7500,-0.300780,-0.030671
13.7600,-0.216808,-0.022108
13.7700,-0.106470,-0.010857
13.7800,0.287187,0.029285
13.7900,0.380810,0.038832
13.8000,0.517016,0.052721
13.8100,0.703590,0.071746
13.8200,0.569297,0.058052
13.8300,0.394839,0.040262
13.8400,0.458125,0.046716
13.8500,0.588401,0.060000
13.8600,0.669941,0.068315
13.8700,0.609923,0.062195
13.8800,0.620918,0.063316
13.8900,0.482092,0.049160
13.9000,0.448616,0.045746
13.9100,0.608520,0.062052
13.9200,0.429363,0.043783
13.9300,0.215444,0.021969
13.9400,0.069279,0.007064
13.9500,-0.152334,-0.015534
13.9600,-0.177361,-0.018086
13.9700,-0.369231,-0.037651
13.9800,-0.262260,-0.026743
13.9900,-0.120998,-0.012338
14.0000,-0.210994,-0.021515
14.0100,-0.250642,-0.025558
14.0200,-0.273229,-0.027862
14.0300,-0.290132,-0.029585
14.0400,-0.228532,-0.023304
14.0500,-0.294226,-0.030003
14.0600,-0.152979,-0.015600
14.0700,-0.103229,-0.010526
14.0800,-0.193219,-0.019703
14.0900,-0.139556,-0.014231
14.1000,-0.109747,-0.011191
14.1100,-0.045459,-0.004635
14.1200,-0.112353,-0.011457
14.1300,-0.006626,-0.000676
14.1400,0.118431,0.012077
14.1500,0.041057,0.004187
14.1600,-0.032722,-0.003337
14.1700,0.127662,0.013018
14.1800,0.272482,0.027785
14.1900,0.258118,0.026321
14.2000,0.389229,0.039690
14.2100,0.448755,0.045760
14.2200,0.259677,0.026480
14.2300,0.280733,0.028627
14.2400,0.256782,0.026184
14.2500,0.056940,0.005806
14.2600,0.013202,0.001346
14.2700,-0.097034,-0.009895
14.2800,-0.041720,-0.004254
14.2900,-0.124725,-0.012718
14.3000,-0.170821,-0.017419
14.3100,-0.216169,-0.022043
14.3200,-0.278410,-0.028390
14.3300,-0.269965,-0.027529
14.3400,-0.159502,-0.016265
14.3500,-0.101911,-0.010392
14.3600,0.201499,0.020547
14.3700,0.258635,0.026373
14.3800,0.222040,0.022642
14.3900,0.104030,0.010608
14.4000,0.155402,0.015847
14.4100,0.210974,0.021513
14.4200,0.372081,0.037942
14.4300,0.444453,0.045322
14.4400,0.333291,0.033986
14.4500,0.440819,0.044951
14.4600,0.317618,0.032388
14.4700,0.246176,0.025103
14.4800,0.189199,0.019293
14.4900,0.265288,0.027052
14.5000,0.344935,0.035174
14.5100,0.325941,0.033237
14.5200,0.174806,0.017825
14.5300,-0.022684,-0.002313
14.5400,-0.188778,-0.019250
14.5500,-0.304807,-0.031082
14.5600,-0.490473,-0.050014
14.5700,-0.537656,-0.054826
14.5800,-0.559661,-0.057070
14.5900,-0.406918,-0.041494
14.6000,-0.349839,-0.035674
14.6100,-0.311736,-0.031788
14.6200,-0.202283,-0.020627
14.6300,-0.041701,-0.004252
14.6400,0.056112,0.005722
14.6500,0.151466,0.015445
14.6600,0.080638,0.008223
14.6700,0.296490,0.030234
14.6800,0.204544,0.020858
14.6900,0.231372,0.023593
14.7000,0.273706,0.027910
14.7100,0.174602,0.017804
14.7200,0.205960,0.021002
14.7300,0.289967,0.029568
14.7400,0.166376,0.016966
14.7500,0.194619,0.019846
14.7600,0.159569,0.016272
14.7700,0.215618,0.021987
14.7800,0.087168,0.008889
14.7900,0.019863,0.002025
14.8000,0.030891,0.003150
14.8100,-0.252616,-0.025760
14.8200,-0.383473,-0.039103
14.8300,-0.495667,-0.050544
14.8400,-0.425280,-0.043367
14.8500,-0.320471,-0.032679
14.8600,-0.282557,-0.028813
14.8700,-0.365106,-0.037230
14.8800,-0.333802,-0.034038
14.8900,-0.288503,-0.029419
14.9000,-0.289892,-0.029561
14.9100,-0.304831,-0.031084
14.9200,-0.190258,-0.019401
14.9300,-0.115527,-0.011780
14.9400,-0.156371,-0.015945
14.9500,-0.010932,-0.001115
14.9600,-0.039453,-0.004023
14.9700,0.000021,0.000002
14.9800,-0.054158,-0.005523
14.9900,0.091496,0.009330
15.0000,0.036709,0.003743
15.0100,-0.007201,-0.000734
15.0200,-0.075091,-0.007657
15.0300,-0.170779,-0.017415
15.0400,-0.138146,-0.014087
15.0500,-0.135676,-0.013835
15.0600,-0.152573,-0.015558
15.0700,-0.156845,-0.015994
15.0800,-0.182592,-0.018619
15.0900,-0.117048,-0.011936
15.1000,-0.064407,-0.006568
15.1100,-0.288048,-0.029373
15.1200,-0.449411,-0.045827
15.1300,-0.209388,-0.021352
15.1400,-0.169461,-0.017280
15.1500,-0.163731,-0.016696
15.1600,-0.210539,-0.021469
15.1700,-0.118357,-0.012069
15.1800,-0.120392,-0.012277
15.1900,-0.069165,-0.007053
15.2000,-0.117271,-0.011958
15.2100,-0.077496,-0.007902
15.2200,-0.055913,-0.005702
15.2300,-0.081711,-0.008332
15.2400,-0.039090,-0.003986
15.2500,-0.101647,-0.010365
15.2600,-0.145565,-0.014843
15.2700,-0.079806,-0.008138
15.2800,0.181125,0.018470
15.2900,0.226771,0.023124
15.3000,0.306539,0.031258
15.3100,0.275316,0.028074
15.3200,0.162525,0.016573
15.3300,0.177384,0.018088
15.3400,0.093677,0.009552
15.3500,0.104857,0.010692
15.3600,0.077920,0.007946
15.3700,0.108460,0.011060
15.3800,-0.078344,-0.007989
15.3900,-0.083927,-0.008558
15.4000,-0.164611,-0.016786
15.4100,-0.191426,-0.019520
15.4200,-0.329661,-0.033616
15.4300,-0.154274,-0.015732
15.4400,-0.047154,-0.004808
15.4500,-0.030879,-0.003149
15.4600,-0.038174,-0.003893
15.4700,0.013887,0.001416
15.4800,0.057706,0.005884
15.4900,-0.009187,-0.000937
15.5000,0.047389,0.004832
15.5100,-0.067973,-0.006931
15.5200,-0.006857,-0.000699
15.5300,0.009858,0.001005
15.5400,-0.082485,-0.008411
15.5500,-0.230088,-0.023462
15.5600,-0.274454,-0.027986
15.5700,-0.147852,-0.015077
15.5800,0.004108,0.000419
15.5900,0.069133,0.007050
15.6000,0.021970,0.002240
15.6100,-0.001769,-0.000180
15.6200,-0.024670,-0.002516
15.6300,0.065972,0.006727
15.6400,0.193406,0.019722
15.6500,0.256042,0.026109
15.6600,0.165995,0.016927
15.6700,-0.001491,-0.000152
15.6800,-0.079673,-0.008124
15.6900,-0.152651,-0.015566
15.7000,-0.195635,-0.019949
15.7100,-0.279389,-0.028490
15.7200,-0.371552,-0.037888
15.7300,-0.325313,-0.033173
15.7400,-0.362473,-0.036962
15.7500,-0.455179,-0.046415
15.7600,-0.350261,-0.035717
15.7700,-0.233486,-0.023809
15.7800,-0.265748,-0.027099
15.7900,-0.238107,-0.024280
15.8000,-0.053113,-0.005416
15.8100,-0.106407,-0.010850
15.8200,-0.040747,-0.004155
15.8300,-0.038407,-0.003916
15.8400,-0.052927,-0.005397
15.8500,-0.116004,-0.011829
15.8600,-0.183117,-0.018673
15.8700,-0.150621,-0.015359
15.8800,-0.094976,-0.009685
15.8900,-0.149350,-0.015229
15.9000,-0.090510,-0.009229
15.9100,-0.083142,-0.008478
15.9200,-0.096125,-0.009802
15.9300,-0.280739,-0.028627
15.9400,-0.334576,-0.034117
15.9500,-0.238836,-0.024355
15.9600,-0.179845,-0.018339
15.9700,-0.215737,-0.021999
15.9800,-0.171167,-0.017454
15.9900,-0.106524,-0.010862
16.0000,-0.075190,-0.007667
16.0100,0.096530,0.009843
16.0200,0.170453,0.017381
16.0300,0.237460,0.024214
16.0400,0.216276,0.022054
16.0500,0.177578,0.018108
16.0600,0.143447,0.014627
16.0700,0.114382,0.011664
16.0800,0.068510,0.006986
16.0900,-0.049930,-0.005091
16.1000,0.024326,0.002481
16.1100,0.111785,0.011399
16.1200,0.065551,0.006684
16.1300,0.015794,0.001611
16.1400,-0.050799,-0.005180
16.1500,-0.124162,-0.012661
16.1600,-0.149917,-0.015287
16.1700,-0.098075,-0.010001
16.1800,-0.004655,-0.000475
16.1900,0.168819,0.017215
16.2000,0.207300,0.021139
16.2100,0.194289,0.019812
16.2200,0.216001,0.022026
16.2300,0.190756,0.019452
16.2400,0.211957,0.021614
16.2500,0.231548,0.023611
16.2600,0.232940,0.023753
16.2700,0.234618,0.023924
16.2800,0.302223,0.030818
16.2900,0.318172,0.032444
16.3000,0.338683,0.034536
16.3100,0.396962,0.040479
16.3200,0.415157,0.042334
16.3300,0.507795,0.051781
16.3400,0.551242,0.056211
16.3500,0.481254,0.049074
16.3600,0.378909,0.038638
16.3700,0.306674,0.031272
16.3800,0.236782,0.024145
16.3900,0.280315,0.028584
16.4000,0.267878,0.027316
16.4100,0.313636,0.031982
16.4200,0.251349,0.025630
16.4300,0.206208,0.021027
16.4400,0.319679,0.032598
16.4500,0.385960,0.039357
16.4600,0.301733,0.030768
16.4700,0.159603,0.016275
16.4800,0.132573,0.013519
16.4900,0.103842,0.010589
16.5000,0.078154,0.007970
16.5100,-0.007099,-0.000724
16.5200,-0.036605,-0.003733
16.5300,-0.052860,-0.005390
16.5400,0.022943,0.002340
16.5500,0.080252,0.008183
16.5600,0.067403,0.006873
16.5700,0.050824,0.005183
16.5800,0.130264,0.013283
16.5900,0.095351,0.009723
16.6000,0.097109,0.009902
16.6100,0.063849,0.006511
16.6200,0.009027,0.000920
16.6300,0.164381,0.016762
16.6400,0.088722,0.009047
16.6500,0.133293,0.013592
16.6600,0.067366,0.006869
16.6700,-0.015269,-0.001557
16.6800,-0.045130,-0.004602
16.6900,-0.087015,-0.008873
16.7000,-0.097742,-0.009967
16.7100,-0.121919,-0.012432
16.7200,-0.074390,-0.007586
16.7300,-0.106090,-0.010818
16.7400,-0.083084,-0.008472
16.7500,-0.017064,-0.001740
16.7600,-0.032603,-0.003325
16.7700,-0.008527,-0.000870
16.7800,0.086266,0.008797
16.7900,0.204796,0.020883
16.8000,0.198054,0.020196
16.8100,0.126270,0.012876
16.8200,0.026719,0.002725
16.8300,-0.031518,-0.003214
16.8400,-0.038958,-0.003973
16.8500,-0.028830,-0.002940
16.8600,-0.083396,-0.008504
16.8700,-0.065742,-0.006704
16.8800,-0.022925,-0.002338
16.8900,0.041325,0.004214
16.9000,0.032018,0.003265
16.9100,-0.052340,-0.005337
16.9200,-0.011944,-0.001218
16.9300,0.062890,0.006413
16.9400,0.087993,0.008973
16.9500,0.144574,0.014742
16.9600,0.188995,0.019272
16.9700,0.265017,0.027024
16.9800,0.311959,0.031811
16.9900,0.281267,0.028681
17.0000,0.204790,0.020883
17.0100,0.133385,0.013601
17.0200,0.001529,0.000156
17.0300,-0.058525,-0.005968
17.0400,-0.035052,-0.003574
17.0500,-0.039941,-0.004073
17.0600,-0.163262,-0.016648
17.0700,-0.218456,-0.022276
17.0800,-0.265961,-0.027120
17.0900,-0.256736,-0.026180
17.1000,-0.201424,-0.020540
17.1100,-0.130304,-0.013287
17.1200,-0.169078,-0.017241
17.1300,-0.029144,-0.002972
17.1400,0.009237,0.000942
17.1500,-0.073110,-0.007455
17.1600,-0.110525,-0.011270
17.1700,-0.096431,-0.009833
17.1800,-0.030864,-0.003147
17.1900,0.086110,0.008781
17.2000,0.044588,0.004547
17.2100,-0.017984,-0.001834
17.2200,-0.007142,-0.000728
17.2300,-0.035822,-0.003653
17.2400,-0.041255,-0.004207
17.2500,-0.116222,-0.011851
17.2600,-0.105878,-0.010797
17.2700,-0.087155,-0.008887
17.2800,-0.100312,-0.010229
17.2900,-0.172446,-0.017585
17.3000,-0.162425,-0.016563
17.3100,-0.088667,-0.009042
17.3200,-0.123556,-0.012599
17.3300,-0.223181,-0.022758
17.3400,-0.084606,-0.008627
17.3500,-0.116663,-0.011896
17.3600,-0.154738,-0.015779
17.3700,-0.163320,-0.016654
17.3800,-0.076459,-0.007797
17.3900,-0.036604,-0.003733
17.4000,0.023430,0.002389
17.4100,0.054339,0.005541
17.4200,0.036169,0.003688
17.4300,0.024905,0.002540
17.4400,-0.009867,-0.001006
17.4500,0.012543,0.001279
17.4600,-0.007693,-0.000784
17.4700,-0.037370,-0.003811
17.4800,-0.056693,-0.005781
17.4900,-0.079287,-0.008085
17.5000,-0.028388,-0.002895
17.5100,0.040338,0.004113
17.5200,0.006825,0.000696
17.5300,-0.017091,-0.001743
17.5400,-0.013968,-0.001424
17.5500,-0.003062,-0.000312
17.5600,0.020606,0.002101
17.5700,0.018987,0.001936
17.5800,0.003006,0.000306
17.5900,0.043181,0.004403
17.6000,0.026457,0.002698
17.6100,-0.032839,-0.003349
17.6200,-0.091636,-0.009344
17.6300,-0.118391,-0.012073
17.6400,-0.100198,-0.010217
17.6500,-0.116860,-0.011916
17.6600,-0.084534,-0.008620
17.6700,-0.098501,-0.010044
17.6800,-0.050424,-0.005142
17.6900,-0.016937,-0.001727
17.7000,-0.053616,-0.005467
17.7100,-0.071174,-0.007258
17.7200,-0.086212,-0.008791
17.7300,-0.079214,-0.008078
17.7400,-0.138889,-0.014163
17.7500,-0.099335,-0.010129
17.7600,-0.070192,-0.007158
17.7700,-0.019035,-0.001941
17.7800,0.017881,0.001823
17.7900,0.077660,0.007919
17.8000,0.094552,0.009642
17.8100,0.100809,0.010280
17.8200,0.091164,0.009296
17.8300,0.145936,0.014881
17.8400,0.167030,0.017032
17.8500,0.091412,0.009321
17.8600,0.112666,0.011489
17.8700,-0.002308,-0.000235
17.8800,-0.050182,-0.005117
17.8900,-0.068976,-0.007034
17.9000,-0.091638,-0.009344
17.9100,-0.141818,-0.014461
17.9200,-0.182204,-0.018580
17.9300,-0.147830,-0.015074
17.9400,-0.175212,-0.017867
17.9500,-0.202590,-0.020658
17.9600,-0.249126,-0.025404
17.9700,-0.251426,-0.025638
17.9800,-0.173262,-0.017668
17.9900,-0.153696,-0.015673
18.0000,-0.105174,-0.010725
18.0100,-0.064634,-0.006591
18.0200,-0.101945,-0.010396
18.0300,-0.103633,-0.010568
18.0400,-0.120043,-0.012241
18.0500,-0.097491,-0.009941
18.0600,-0.071977,-0.007340
18.0700,-0.064706,-0.006598
18.0800,-0.045833,-0.004674
18.0900,-0.008150,-0.000831
18.1000,0.023635,0.002410
18.1100,0.004267,0.000435
18.1200,-0.023086,-0.002354
18.1300,-0.021451,-0.002187
18.1400,0.049547,0.005052
18.1500,0.067392,0.006872
18.1600,0.027915,0.002847
18.1700,0.046564,0.004748
18.1800,0.028482,0.002904
18.1900,0.099541,0.010150
18.2000,0.159801,0.016295
18.2100,0.160983,0.016416
18.2200,0.192268,0.019606
18.2300,0.146668,0.014956
18.2400,0.162828,0.016604
18.2500,0.227420,0.023190
18.2600,0.210811,0.021497
18.2700,0.155395,0.015846
18.2800,0.103149,0.010518
18.2900,0.141664,0.014446
18.3000,0.141434,0.014422
18.3100,0.001356,0.000138
18.3200,-0.050818,-0.005182
18.3300,-0.020906,-0.002132
18.3400,-0.037812,-0.003856
18.3500,-0.065349,-0.006664
18.3600,-0.008215,-0.000838
18.3700,-0.046523,-0.004744
18.3800,-0.046173,-0.004708
18.3900,-0.055456,-0.005655
18.4000,-0.040667,-0.004147
18.4100,-0.050797,-0.005180
18.4200,-0.054143,-0.005521
18.4300,-0.077058,-0.007858
18.4400,-0.022805,-0.002325
18.4500,-0.006187,-0.000631
18.4600,0.002202,0.000225
18.4700,0.013847,0.001412
18.4800,0.001388,0.000142
18.4900,-0.023249,-0.002371
18.5000,-0.030169,-0.003076
18.5100,-0.014133,-0.001441
18.5200,0.067201,0.006853
18.5300,0.078647,0.008020
18.5400,0.022004,0.002244
18.5500,0.013725,0.001400
18.5600,-0.007754,-0.000791
18.5700,-0.004365,-0.000445
18.5800,-0.010817,-0.001103
18.5900,-0.053757,-0.005482
18.6000,-0.021968,-0.002240
18.6100,-0.071006,-0.007241
18.6200,-0.071871,-0.007329
18.6300,-0.042957,-0.004380
18.6400,-0.021181,-0.002160
18.6500,-0.073590,-0.007504
18.6600,-0.055500,-0.005659
18.6700,-0.042612,-0.004345
18.6800,0.008859,0.000903
18.6900,0.013894,0.001417
18.7000,0.026229,0.002675
18.7100,-0.035541,-0.003624
18.7200,-0.048825,-0.004979
18.7300,-0.012185,-0.001243
18.7400,0.017494,0.001784
18.7500,-0.039684,-0.004047
18.7600,0.040761,0.004157
18.7700,0.077946,0.007948
18.7800,0.067412,0.006874
18.7900,0.083237,0.008488
18.8000,0.078623,0.008017
18.8100,0.064120,0.006538
18.8200,0.090295,0.009208
18.8300,0.063615,0.006487
18.8400,0.084260,0.008592
18.8500,0.075663,0.007715
18.8600,0.088463,0.009021
18.8700,0.109401,0.011156
18.8800,0.113195,0.011543
18.8900,0.104348,0.010640
18.9000,0.074398,0.007586
18.9100,0.030569,0.003117
18.9200,0.025294,0.002579
18.9300,0.083350,0.008499
18.9400,0.140359,0.014313
18.9500,0.190247,0.019400
18.9600,0.218952,0.022327
18.9700,0.211529,0.021570
18.9800,0.186255,0.018993
18.9900,0.176899,0.018039
19.0000,0.162632,0.016584
19.0100,0.117823,0.012015
19.0200,0.109273,0.011143
19.0300,0.068228,0.006957
19.0400,0.045868,0.004677
19.0500,0.000527,0.000054
19.0600,-0.054126,-0.005519
19.0700,-0.051150,-0.005216
19.0800,-0.063413,-0.006466
19.0900,-0.096277,-0.009818
19.1000,-0.102799,-0.010483
19.1100,-0.113167,-0.011540
19.1200,-0.085012,-0.008669
19.1300,-0.109775,-0.011194
19.1400,-0.086816,-0.008853
19.1500,-0.097880,-0.009981
19.1600,-0.093021,-0.009486
19.1700,-0.101586,-0.010359
19.1800,-0.125650,-0.012813
19.1900,-0.122486,-0.012490
19.2000,-0.110315,-0.011249
19.2100,-0.111579,-0.011378
19.2200,-0.082479,-0.008411
19.2300,-0.079456,-0.008102
19.2400,-0.037578,-0.003832
19.2500,-0.019462,-0.001985
19.2600,-0.049113,-0.005008
19.2700,-0.018671,-0.001904
19.2800,-0.024865,-0.002536
19.2900,-0.045863,-0.004677
19.3000,-0.005847,-0.000596
19.3100,0.065307,0.006659
19.3200,0.078329,0.007987
19.3300,0.065140,0.006642
19.3400,0.072278,0.007370
19.3500,0.072908,0.007435
19.3600,-0.014203,-0.001448
19.3700,-0.040007,-0.004080
19.3800,-0.057919,-0.005906
19.3900,-0.077534,-0.007906
19.4000,-0.108366,-0.011050
19.4100,-0.061613,-0.006283
19.4200,-0.012038,-0.001228
19.4300,-0.013798,-0.001407
19.4400,-0.004840,-0.000494
19.4500,0.013834,0.001411
19.4600,0.016498,0.001682
19.4700,0.046167,0.004708
19.4800,0.052371,0.005340
19.4900,0.035345,0.003604
19.5000,0.073792,0.007525
19.5100,0.092076,0.009389
19.5200,0.103118,0.010515
19.5300,0.100602,0.010259
19.5400,0.074017,0.007548
19.5500,0.014619,0.001491
19.5600,-0.032663,-0.003331
19.5700,-0.025607,-0.002611
19.5800,-0.013878,-0.001415
19.5900,-0.044068,-0.004494
19.6000,-0.075190,-0.007667
19.6100,-0.058329,-0.005948
19.6200,-0.033243,-0.003390
19.6300,-0.013786,-0.001406
19.6400,-0.001339,-0.000136
19.6500,0.026843,0.002737
19.6600,0.037880,0.003863
19.6700,-0.010378,-0.001058
19.6800,-0.013941,-0.001422
19.6900,0.004303,0.000439
19.7000,0.012791,0.001304
19.7100,0.024130,0.002461
19.7200,0.045801,0.004670
19.7300,0.074630,0.007610
19.7400,0.034705,0.003539
19.7500,0.018820,0.001919
19.7600,0.040331,0.004113
19.7700,0.078729,0.008028
19.7800,0.082703,0.008433
19.7900,0.056843,0.005796
19.8000,0.049588,0.005057
19.8100,0.066497,0.006781
19.8200,0.034763,0.003545
19.8300,0.021101,0.002152
19.8400,0.016212,0.001653
19.8500,-0.023282,-0.002374
19.8600,-0.008005,-0.000816
19.8700,-0.022035,-0.002247
19.8800,0.002172,0.000222
19.8900,0.005649,0.000576
19.9000,0.006536,0.000666
19.9100,0.002424,0.000247
19.9200,0.008155,0.000832
19.9300,-0.014148,-0.001443
19.9400,-0.031706,-0.003233
19.9500,-0.029417,-0.003000
19.9600,-0.017240,-0.001758
19.9700,-0.020525,-0.002093
19.9800,-0.054343,-0.005541
19.9900,-0.055259,-0.005635
