time_s,accel_corrected_m_s2,vel_m_s,disp_m
0.0000,-0.008304,0.000000,0.000000
0.0100,-0.008271,-0.000083,-0.000000
0.0200,-0.008398,-0.000166,-0.000002
0.0300,-0.008166,-0.000249,-0.000004
0.0400,-0.008367,-0.000332,-0.000007
0.0500,-0.008062,-0.000414,-0.000010
0.0600,-0.008853,-0.000498,-0.000015
0.0700,-0.013557,-0.000610,-0.000020
0.0800,-0.012125,-0.000739,-0.000027
0.0900,-0.015018,-0.000875,-0.000035
0.1000,-0.011957,-0.001009,-0.000045
0.1100,-0.015257,-0.001146,-0.000055
0.1200,-0.024426,-0.001344,-0.000068
0.1300,-0.020835,-0.001570,-0.000083
0.1400,-0.006160,-0.001705,-0.000099
0.1500,-0.017793,-0.001825,-0.000117
0.1600,-0.009806,-0.001963,-0.000135
0.1700,0.006782,-0.001978,-0.000155
0.1800,0.001396,-0.001937,-0.000175
0.1900,0.003434,-0.001913,-0.000194
0.2000,0.014200,-0.001825,-0.000213
0.2100,0.045357,-0.001527,-0.000229
0.2200,0.047961,-0.001061,-0.000242
0.2300,0.013993,-0.000751,-0.000251
0.2400,-0.022626,-0.000794,-0.000259
0.2500,-0.076304,-0.001289,-0.000270
0.2600,-0.081007,-0.002075,-0.000286
0.2700,-0.082608,-0.002893,-0.000311
0.2800,-0.106498,-0.003839,-0.000345
0.2900,-0.109589,-0.004919,-0.000389
0.3000,-0.060510,-0.005770,-0.000442
0.3100,-0.038326,-0.006264,-0.000502
0.3200,-0.008491,-0.006498,-0.000566
0.3300,0.036627,-0.006357,-0.000630
0.3400,0.079623,-0.005776,-0.000691
0.3500,0.148507,-0.004635,-0.000743
0.3600,0.194802,-0.002919,-0.000781
0.3700,0.153269,-0.001178,-0.000801
0.3800,0.154837,0.000362,-0.000805
0.3900,0.049642,0.001384,-0.000797
0.4000,-0.021990,0.001523,-0.000782
0.4100,0.000676,0.001416,-0.000767
0.4200,-0.044611,0.001196,-0.000754
0.4300,-0.001751,0.000965,-0.000744
0.4400,-0.067196,0.000620,-0.000736
0.4500,-0.321440,-0.001323,-0.000739
0.4600,-0.400319,-0.004932,-0.000770
0.4700,-0.538878,-0.009628,-0.000843
0.4800,-0.523932,-0.014942,-0.000966
0.4900,-0.492494,-0.020024,-0.001141
0.5000,-0.525960,-0.025116,-0.001367
0.5100,-0.314829,-0.029320,-0.001639
0.5200,-0.406605,-0.032928,-0.001950
0.5300,-0.337000,-0.036646,-0.002298
0.5400,-0.225230,-0.039457,-0.002678
0.5500,-0.076865,-0.040967,-0.003081
0.5600,0.042733,-0.041138,-0.003491
0.5700,0.020869,-0.040820,-0.003901
0.5800,-0.165125,-0.041541,-0.004313
0.5900,-0.263540,-0.043685,-0.004739
0.6000,0.047740,-0.044764,-0.005181
0.6100,0.277991,-0.043135,-0.005621
0.6200,0.298470,-0.040253,-0.006038
0.6300,0.076536,-0.038378,-0.006431
0.6400,-0.057621,-0.038283,-0.006814
0.6500,-0.024041,-0.038691,-0.007199
0.6600,0.172778,-0.037948,-0.007582
0.6700,0.388378,-0.035142,-0.007947
0.6800,0.634531,-0.030027,-0.008273
0.6900,0.635021,-0.023679,-0.008542
0.7000,0.760098,-0.016704,-0.008744
0.7100,0.618066,-0.009813,-0.008876
0.7200,0.567361,-0.003886,-0.008945
0.7300,0.843554,0.003169,-0.008948
0.7400,0.992363,0.012348,-0.008871
0.7500,0.812740,0.021374,-0.008702
0.7600,0.754111,0.029208,-0.008449
0.7700,0.610982,0.036033,-0.008123
0.7800,-0.009110,0.039043,-0.007748
0.7900,-0.252399,0.037735,-0.007364
0.8000,-0.221399,0.035366,-0.006998
0.8100,-0.866751,0.029926,-0.006672
0.8200,-0.831663,0.021433,-0.006415
0.8300,-0.968288,0.012434,-0.006246
0.8400,-1.536325,-0.000089,-0.006184
0.8500,-2.064738,-0.018095,-0.006275
0.8600,-2.062248,-0.038730,-0.006559
0.8700,-1.817681,-0.058129,-0.007043
0.8800,-1.519856,-0.074817,-0.007708
0.8900,-1.576255,-0.090297,-0.008534
0.9000,-1.160644,-0.103982,-0.009505
0.9100,-1.206259,-0.115817,-0.010604
0.9200,-0.385260,-0.123774,-0.011802
0.9300,0.210727,-0.124647,-0.013044
0.9400,0.325715,-0.121965,-0.014277
0.9500,0.554501,-0.117563,-0.015475
0.9600,0.912398,-0.110229,-0.016614
0.9700,0.381600,-0.103759,-0.017684
0.9800,0.189699,-0.100902,-0.018707
0.9900,0.356097,-0.098174,-0.019702
1.0000,0.145973,-0.095663,-0.020672
1.0100,0.114461,-0.094361,-0.021622
1.0200,-0.410333,-0.095840,-0.022573
1.0300,-1.020184,-0.102993,-0.023567
1.0400,-1.637034,-0.116279,-0.024663
1.0500,-1.163587,-0.130282,-0.025896
1.0600,-0.595602,-0.139078,-0.027243
1.0700,-0.251880,-0.143315,-0.028655
1.0800,0.091559,-0.144117,-0.030092
1.0900,0.372876,-0.141795,-0.031522
1.1000,-0.202562,-0.140943,-0.032935
1.1100,-0.654173,-0.145227,-0.034366
1.1200,-0.201179,-0.149504,-0.035840
1.1300,0.103802,-0.149991,-0.037337
1.1400,0.061489,-0.149164,-0.038833
1.1500,-0.594169,-0.151828,-0.040338
1.1600,-0.972022,-0.159659,-0.041895
1.1700,-1.635223,-0.172695,-0.043557
1.1800,-1.483057,-0.188286,-0.045362
1.1900,-1.457909,-0.202991,-0.047318
1.2000,-1.475528,-0.217658,-0.049422
1.2100,-1.410860,-0.232090,-0.051670
1.2200,-1.346948,-0.245879,-0.054060
1.2300,-1.472348,-0.259976,-0.056590
1.2400,-1.355063,-0.274113,-0.059260
1.2500,-0.822922,-0.285003,-0.062056
1.2600,-0.651685,-0.292376,-0.064942
1.2700,-1.215878,-0.301713,-0.067913
1.2800,-1.331861,-0.314452,-0.070994
1.2900,-0.056284,-0.321393,-0.074173
1.3000,1.330162,-0.315023,-0.077355
1.3100,1.332942,-0.301708,-0.080439
1.3200,1.896280,-0.285562,-0.083375
1.3300,2.627323,-0.262944,-0.086118
1.3400,2.539037,-0.237112,-0.088618
1.3500,2.866460,-0.210085,-0.090854
1.3600,1.556932,-0.187968,-0.092844
1.3700,1.495943,-0.172703,-0.094647
1.3800,0.744808,-0.161499,-0.096318
1.3900,0.592493,-0.154813,-0.097900
1.4000,1.034637,-0.146677,-0.099407
1.4100,0.135401,-0.140827,-0.100845
1.4200,-0.285146,-0.141576,-0.102257
1.4300,-0.260386,-0.144304,-0.103686
1.4400,-1.194930,-0.151580,-0.105166
1.4500,-0.888994,-0.162000,-0.106734
1.4600,-1.538346,-0.174136,-0.108414
1.4700,-1.841696,-0.191037,-0.110240
1.4800,-1.292520,-0.206708,-0.112229
1.4900,-1.199528,-0.219168,-0.114358
1.5000,-1.973043,-0.235031,-0.116629
1.5100,-2.368942,-0.256741,-0.119088
1.5200,-2.526975,-0.281220,-0.121778
1.5300,-2.520512,-0.306458,-0.124716
1.5400,-1.362794,-0.325874,-0.127878
1.5500,-0.732592,-0.336351,-0.131189
1.5600,-0.946730,-0.344748,-0.134595
1.5700,-1.309476,-0.356029,-0.138099
1.5800,-0.823659,-0.366695,-0.141712
1.5900,0.010483,-0.370760,-0.145399
1.6000,1.034800,-0.365534,-0.149081
1.6100,0.304558,-0.358837,-0.152703
1.6200,-0.371720,-0.359173,-0.156293
1.6300,0.863756,-0.356713,-0.159872
1.6400,1.321053,-0.345789,-0.163385
1.6500,1.399165,-0.332188,-0.166775
1.6600,3.410390,-0.308140,-0.169976
1.6700,3.916162,-0.271507,-0.172875
1.6800,3.742678,-0.233213,-0.175398
1.6900,4.241235,-0.193293,-0.177531
1.7000,3.925275,-0.152461,-0.179259
1.7100,3.813828,-0.113765,-0.180591
1.7200,4.549586,-0.071948,-0.181519
1.7300,4.107033,-0.028665,-0.182022
1.7400,3.751985,0.010630,-0.182112
1.7500,2.265395,0.040717,-0.181856
1.7600,2.405915,0.064073,-0.181332
1.7700,1.804595,0.085126,-0.180586
1.7800,1.295322,0.100626,-0.179657
1.7900,0.993334,0.112069,-0.178593
1.8000,0.692100,0.120496,-0.177431
1.8100,-0.083728,0.123538,-0.176210
1.8200,-0.070761,0.122765,-0.174979
1.8300,-0.221045,0.121306,-0.173759
1.8400,0.793910,0.124171,-0.172531
1.8500,0.981411,0.133047,-0.171245
1.8600,-0.563635,0.135136,-0.169904
1.8700,-0.372746,0.130454,-0.168576
1.8800,-1.592337,0.120629,-0.167321
1.8900,-1.672769,0.104303,-0.166196
1.9000,-1.116146,0.090359,-0.165223
1.9100,-0.092748,0.084314,-0.164350
1.9200,0.600943,0.086855,-0.163494
1.9300,0.891152,0.094316,-0.162588
1.9400,0.228145,0.099912,-0.161617
1.9500,-0.766841,0.097219,-0.160631
1.9600,-0.151647,0.092626,-0.159682
1.9700,0.166167,0.092699,-0.158755
1.9800,-0.270474,0.092177,-0.157831
1.9900,-1.382443,0.083913,-0.156950
2.0000,-1.411228,0.069944,-0.156181
2.0100,0.001966,0.062898,-0.155517
2.0200,0.077003,0.063293,-0.154886
2.0300,0.020333,0.063780,-0.154251
2.0400,-1.031648,0.058723,-0.153638
2.0500,0.626366,0.056697,-0.153061
2.0600,2.613585,0.072896,-0.152413
2.0700,2.207809,0.097003,-0.151563
2.0800,2.595842,0.121022,-0.150473
2.0900,2.377635,0.145889,-0.149139
2.1000,3.708374,0.176319,-0.147528
2.1100,4.525362,0.217488,-0.145559
2.1200,3.093867,0.255584,-0.143193
2.1300,1.630990,0.279208,-0.140519
2.1400,0.551438,0.290120,-0.137673
2.1500,-0.941656,0.288169,-0.134781
2.1600,-1.642940,0.275246,-0.131964
2.1700,-2.715018,0.253456,-0.129321
2.1800,-3.572867,0.222017,-0.126943
2.1900,-4.033039,0.183987,-0.124913
2.2000,-3.075153,0.148447,-0.123251
2.2100,-1.097075,0.127585,-0.121871
2.2200,-1.512625,0.114537,-0.120660
2.2300,-1.583084,0.099058,-0.119592
2.2400,-1.259245,0.084847,-0.118673
2.2500,-1.412102,0.071490,-0.117891
2.2600,-0.399986,0.062430,-0.117222
2.2700,1.577174,0.068315,-0.116568
2.2800,1.485612,0.083629,-0.115808
2.2900,1.444905,0.098282,-0.114899
2.3000,2.500304,0.118008,-0.113817
2.3100,2.549223,0.143256,-0.112511
2.3200,2.023558,0.166120,-0.110964
2.3300,0.094042,0.176708,-0.109250
2.3400,-0.890854,0.172724,-0.107503
2.3500,-0.318211,0.166678,-0.105806
2.3600,0.318816,0.166681,-0.104139
2.3700,0.596941,0.171260,-0.102449
2.3800,0.344035,0.175965,-0.100713
2.3900,0.764404,0.181507,-0.098926
2.4000,0.600658,0.188332,-0.097076
2.4100,1.549046,0.199081,-0.095139
2.4200,1.505411,0.214353,-0.093072
2.4300,2.957139,0.236666,-0.090817
2.4400,3.804958,0.270476,-0.088281
2.4500,2.510502,0.302054,-0.085419
2.4600,2.910067,0.329157,-0.082263
2.4700,-1.472529,0.336344,-0.078935
2.4800,-2.395766,0.317003,-0.075668
2.4900,-3.447343,0.287787,-0.072645
2.5000,-2.413620,0.258482,-0.069913
2.5100,-1.798408,0.237422,-0.067434
2.5200,-1.624478,0.220308,-0.065145
2.5300,-1.937141,0.202500,-0.063031
2.5400,-1.132523,0.187151,-0.061083
2.5500,0.577427,0.184376,-0.059225
2.5600,0.126451,0.187895,-0.057364
2.5700,0.383529,0.190445,-0.055472
2.5800,-0.717355,0.188776,-0.053576
2.5900,-0.522181,0.182578,-0.051719
2.6000,-0.716163,0.176387,-0.049924
2.6100,-1.867550,0.163468,-0.048225
2.6200,-2.702186,0.140619,-0.046705
2.6300,-4.056799,0.106825,-0.045467
2.6400,-4.772662,0.062677,-0.044620
2.6500,-4.249312,0.017567,-0.044219
2.6600,-2.143974,-0.014399,-0.044203
2.6700,-1.262552,-0.031432,-0.044432
2.6800,-0.934201,-0.042415,-0.044801
2.6900,1.039777,-0.041888,-0.045223
2.7000,3.304043,-0.020168,-0.045533
2.7100,3.983413,0.016269,-0.045552
2.7200,4.049855,0.056435,-0.045189
2.7300,4.894654,0.101158,-0.044401
2.7400,4.080088,0.146031,-0.043165
2.7500,4.902118,0.190942,-0.041480
2.7600,4.949534,0.240201,-0.039324
2.7700,6.572959,0.297813,-0.036634
2.7800,7.641908,0.368887,-0.033301
2.7900,7.274750,0.443471,-0.029239
2.8000,7.252031,0.516105,-0.024441
2.8100,7.977403,0.592252,-0.018899
2.8200,7.563675,0.669957,-0.012588
2.8300,5.517050,0.735361,-0.005562
2.8400,3.351920,0.779706,0.002014
2.8500,2.041276,0.806672,0.009945
2.8600,2.776390,0.830760,0.018133
2.8700,1.872007,0.854002,0.026556
2.8800,0.500386,0.865864,0.035156
2.8900,-2.399056,0.856371,0.043767
2.9000,-3.904187,0.824854,0.052173
2.9100,-4.839625,0.781135,0.060203
2.9200,-5.475004,0.729562,0.067756
2.9300,-3.481475,0.684780,0.074828
2.9400,-4.690613,0.643919,0.081472
2.9500,-3.104732,0.604943,0.087716
2.9600,-1.425863,0.582290,0.093652
2.9700,1.186398,0.581092,0.099469
2.9800,3.557492,0.604812,0.105399
2.9900,3.549033,0.640344,0.111624
3.0000,3.578975,0.675984,0.118206
3.0100,3.195894,0.709859,0.125135
3.0200,4.416131,0.747919,0.132424
3.0300,4.698694,0.793493,0.140131
3.0400,3.660788,0.835290,0.148275
3.0500,2.561266,0.866401,0.156784
3.0600,2.598586,0.892200,0.165577
3.0700,1.675116,0.913569,0.174605
3.0800,0.994610,0.926917,0.183808
3.0900,1.500124,0.939391,0.193139
3.1000,1.788959,0.955836,0.202615
3.1100,1.831715,0.973940,0.212264
3.1200,2.377437,0.994985,0.222109
3.1300,1.822294,1.015984,0.232164
3.1400,1.668626,1.033439,0.242411
3.1500,-1.121522,1.036174,0.252759
3.1600,-2.127486,1.019929,0.263040
3.1700,-1.117311,1.003705,0.273158
3.1800,-1.163012,0.992303,0.283138
3.1900,-2.440292,0.974287,0.292971
3.2000,-3.059771,0.946787,0.302576
3.2100,-3.353927,0.914718,0.311884
3.2200,-2.991225,0.882992,0.320872
3.2300,-1.024351,0.862915,0.329602
3.2400,-2.436424,0.845611,0.338144
3.2500,-1.726855,0.824794,0.346496
3.2600,-5.897715,0.786671,0.354554
3.2700,-8.727779,0.713544,0.362055
3.2800,-7.695673,0.631427,0.368780
3.2900,-4.935421,0.568271,0.374778
3.3000,-3.667749,0.525255,0.380246
3.3100,-2.205890,0.495887,0.385351
3.3200,-3.667397,0.466521,0.390163
3.3300,-3.555147,0.430408,0.394648
3.3400,-5.633629,0.384464,0.398722
3.3500,-8.924678,0.311673,0.402203
3.3600,-9.716809,0.218465,0.404854
3.3700,-8.865744,0.125552,0.406574
3.3800,-8.051685,0.040965,0.407406
3.3900,-7.580673,-0.037197,0.407425
3.4000,-5.819057,-0.104195,0.406718
3.4100,-5.773794,-0.162159,0.405387
3.4200,-5.304290,-0.217550,0.403488
3.4300,-3.171877,-0.259931,0.401101
3.4400,-1.378439,-0.282682,0.398388
3.4500,-1.326478,-0.296207,0.395493
3.4600,-1.155545,-0.308617,0.392469
3.4700,-2.241656,-0.325603,0.389298
3.4800,-1.412490,-0.343874,0.385951
3.4900,1.416553,-0.343853,0.382512
3.5000,2.358479,-0.324978,0.379168
3.5100,0.137047,-0.312501,0.375980
3.5200,-1.885489,-0.321243,0.372812
3.5300,-2.481846,-0.343080,0.369490
3.5400,-3.893067,-0.374954,0.365900
3.5500,-2.607578,-0.407457,0.361988
3.5600,-2.514607,-0.433068,0.357785
3.5700,-0.376830,-0.447525,0.353382
3.5800,-1.799235,-0.458406,0.348853
3.5900,-2.894664,-0.481875,0.344151
3.6000,-0.889933,-0.500798,0.339238
3.6100,-2.600077,-0.518248,0.334143
3.6200,-2.636315,-0.544430,0.328829
3.6300,-0.155339,-0.558389,0.323315
3.6400,0.252071,-0.557905,0.317734
3.6500,-0.314400,-0.558216,0.312153
3.6600,-0.663086,-0.563104,0.306546
3.6700,1.040720,-0.561216,0.300925
3.6800,3.231344,-0.539855,0.295419
3.6900,5.129604,-0.498051,0.290230
3.7000,4.924829,-0.447779,0.285501
3.7100,5.892252,-0.393693,0.281293
3.7200,6.757536,-0.330444,0.277673
3.7300,8.193280,-0.255690,0.274742
3.7400,9.351073,-0.167968,0.272624
3.7500,8.159784,-0.080414,0.271382
3.7600,6.068121,-0.009275,0.270933
3.7700,1.796589,0.030049,0.271037
3.7800,0.820365,0.043134,0.271403
3.7900,3.922854,0.066850,0.271953
3.8000,2.966078,0.101295,0.272794
3.8100,0.500276,0.118626,0.273893
3.8200,-2.695637,0.107650,0.275025
3.8300,-4.161262,0.073365,0.275930
3.8400,-4.951169,0.027803,0.276436
3.8500,-3.899641,-0.016451,0.276492
3.8600,-2.468354,-0.048291,0.276169
3.8700,-3.530197,-0.078284,0.275536
3.8800,-7.899631,-0.135433,0.274467
3.8900,-8.748301,-0.218673,0.272697
3.9000,-10.312246,-0.313975,0.270034
3.9100,-9.879590,-0.414935,0.266389
3.9200,-6.056171,-0.494613,0.261841
3.9300,-5.241724,-0.551103,0.256613
3.9400,-4.385671,-0.599240,0.250861
3.9500,-3.060911,-0.636473,0.244682
3.9600,0.208962,-0.650733,0.238246
3.9700,0.962735,-0.644874,0.231768
3.9800,0.496090,-0.637580,0.225356
3.9900,1.583757,-0.627181,0.219032
4.0000,-1.313626,-0.625830,0.212767
4.0100,1.724351,-0.623776,0.206519
4.0200,3.817500,-0.596067,0.200420
4.0300,3.056732,-0.561696,0.194631
4.0400,0.180361,-0.545511,0.189095
4.0500,-2.436476,-0.556791,0.183584
4.0600,1.043139,-0.563758,0.177981
4.0700,1.348814,-0.551798,0.172403
4.0800,0.479335,-0.542657,0.166931
4.0900,-1.697552,-0.548748,0.161474
4.1000,-1.971063,-0.567091,0.155895
4.1100,-1.228497,-0.583089,0.150144
4.1200,-1.998633,-0.599225,0.144232
4.1300,-0.309048,-0.610763,0.138182
4.1400,1.250568,-0.606056,0.132098
4.1500,2.251788,-0.588544,0.126125
4.1600,1.216062,-0.571205,0.120326
4.1700,-0.065414,-0.565451,0.114643
4.1800,0.081042,-0.565373,0.108989
4.1900,3.812131,-0.545907,0.103433
4.2000,4.404400,-0.504825,0.098179
4.2100,0.470560,-0.480450,0.093252
4.2200,-1.262729,-0.484411,0.088428
4.2300,2.378780,-0.478831,0.083612
4.2400,1.069448,-0.461589,0.078910
4.2500,-0.428502,-0.458385,0.074310
4.2600,0.520033,-0.457927,0.069728
4.2700,0.472837,-0.452963,0.065174
4.2800,0.757927,-0.446809,0.060675
4.2900,1.736323,-0.434338,0.056269
4.3000,4.056484,-0.405374,0.052071
4.3100,4.432913,-0.362927,0.048229
4.3200,1.072131,-0.335401,0.044738
4.3300,1.257425,-0.323754,0.041442
4.3400,0.057017,-0.317181,0.038237
4.3500,-0.558199,-0.319687,0.035053
4.3600,-0.356346,-0.324260,0.031833
4.3700,-2.592607,-0.339005,0.028517
4.3800,-3.559789,-0.369767,0.024973
4.3900,-7.594511,-0.425538,0.020996
4.4000,-7.162664,-0.499324,0.016372
4.4100,-6.937304,-0.569824,0.011026
4.4200,-5.014897,-0.629585,0.005029
4.4300,-3.821244,-0.673766,-0.001487
4.4400,-3.129619,-0.708520,-0.008399
4.4500,-0.944959,-0.728893,-0.015586
4.4600,-1.178447,-0.739510,-0.022928
4.4700,0.604431,-0.742380,-0.030337
4.4800,2.228165,-0.728217,-0.037690
4.4900,5.278205,-0.690685,-0.044785
4.5000,4.873549,-0.639926,-0.051438
4.5100,4.097334,-0.595072,-0.057613
4.5200,7.278626,-0.538192,-0.063279
4.5300,4.787139,-0.477863,-0.068359
4.5400,-1.508519,-0.461470,-0.073056
4.5500,-1.417920,-0.476102,-0.077744
4.5600,-0.412026,-0.485252,-0.082551
4.5700,-1.365162,-0.494138,-0.087448
4.5800,-2.169731,-0.511813,-0.092478
4.5900,-3.450037,-0.539911,-0.097736
4.6000,-2.154775,-0.567935,-0.103275
4.6100,-4.442748,-0.600923,-0.109120
4.6200,-2.645963,-0.636367,-0.115306
4.6300,-1.623014,-0.657712,-0.121776
4.6400,0.134301,-0.665155,-0.128391
4.6500,-0.305267,-0.666010,-0.135047
4.6600,-0.822605,-0.671649,-0.141735
4.6700,-1.258008,-0.682052,-0.148503
4.6800,1.469356,-0.680996,-0.155319
4.6900,0.652708,-0.670385,-0.162076
4.7000,2.349513,-0.655374,-0.168704
4.7100,2.095316,-0.633150,-0.175147
4.7200,1.888500,-0.613231,-0.181379
4.7300,0.339642,-0.602090,-0.187456
4.7400,-0.027879,-0.600531,-0.193469
4.7500,4.065896,-0.580341,-0.199373
4.7600,4.057503,-0.539724,-0.204973
4.7700,3.038534,-0.504244,-0.210193
4.7800,5.290665,-0.462598,-0.215027
4.7900,7.226609,-0.400012,-0.219340
4.8000,9.053838,-0.318610,-0.222934
4.8100,8.945284,-0.228614,-0.225670
4.8200,7.432838,-0.146723,-0.227546
4.8300,6.098395,-0.079067,-0.228675
4.8400,2.944681,-0.033852,-0.229240
4.8500,-0.237366,-0.020315,-0.229511
4.8600,-0.713310,-0.025069,-0.229738
4.8700,-0.374052,-0.030505,-0.230016
4.8800,-3.154458,-0.048148,-0.230409
4.8900,-4.160685,-0.084724,-0.231073
4.9000,-4.054079,-0.125797,-0.232126
4.9100,-6.900892,-0.180572,-0.233658
4.9200,-6.533435,-0.247744,-0.235799
4.9300,-5.577959,-0.308301,-0.238579
4.9400,-6.009634,-0.366239,-0.241952
4.9500,-7.878951,-0.435682,-0.245962
4.9600,-9.669507,-0.523424,-0.250757
4.9700,-9.746144,-0.620502,-0.256477
4.9800,-7.482444,-0.706645,-0.263113
4.9900,-5.198938,-0.770052,-0.270496
5.0000,-4.760511,-0.819849,-0.278446
5.0100,-4.698690,-0.867145,-0.286881
5.0200,-1.773791,-0.899508,-0.295714
5.0300,-2.129530,-0.919025,-0.304807
5.0400,-0.554013,-0.932442,-0.314064
5.0500,-2.034874,-0.945387,-0.323453
5.0600,-2.275728,-0.966940,-0.333015
5.0700,-0.017655,-0.978407,-0.342741
5.0800,0.509867,-0.975946,-0.352513
5.0900,2.285964,-0.961966,-0.362203
5.1000,3.884194,-0.931116,-0.371668
5.1100,1.699663,-0.903196,-0.380840
5.1200,3.484823,-0.877274,-0.389742
5.1300,5.981996,-0.829940,-0.398278
5.1400,6.401318,-0.768023,-0.406268
5.1500,6.197137,-0.705031,-0.413633
5.1600,3.325790,-0.657416,-0.420445
5.1700,4.344097,-0.619067,-0.426828
5.1800,3.928743,-0.577703,-0.432812
5.1900,1.400579,-0.551056,-0.438455
5.2000,4.081174,-0.523647,-0.443829
5.2100,5.519559,-0.475644,-0.448825
5.2200,6.766717,-0.414212,-0.453275
5.2300,6.482325,-0.347967,-0.457086
5.2400,7.607459,-0.277518,-0.460213
5.2500,7.058167,-0.204190,-0.462622
5.2600,6.436698,-0.136716,-0.464326
5.2700,2.385989,-0.092602,-0.465473
5.2800,-0.728303,-0.084314,-0.466357
5.2900,-3.176488,-0.103838,-0.467298
5.3000,-2.444077,-0.131941,-0.468477
5.3100,-0.279697,-0.145559,-0.469864
5.3200,2.290005,-0.135508,-0.471270
5.3300,4.041699,-0.103849,-0.472467
5.3400,3.797353,-0.064654,-0.473309
5.3500,6.975659,-0.010789,-0.473686
5.3600,7.484061,0.061510,-0.473433
5.3700,7.082881,0.134344,-0.472453
5.3800,7.086916,0.205193,-0.470756
5.3900,4.671488,0.263985,-0.468410
5.4000,4.144609,0.308066,-0.465550
5.4100,2.917475,0.343376,-0.462292
5.4200,4.230725,0.379117,-0.458680
5.4300,3.188990,0.416216,-0.454703
5.4400,0.355395,0.433938,-0.450452
5.4500,3.234359,0.451886,-0.446023
5.4600,3.277127,0.484444,-0.441342
5.4700,0.139509,0.501527,-0.436412
5.4800,0.104713,0.502748,-0.431390
5.4900,-1.225091,0.497146,-0.426391
5.5000,-3.624707,0.472897,-0.421541
5.5100,-4.364868,0.432949,-0.417012
5.5200,-5.283236,0.384709,-0.412923
5.5300,-6.049137,0.328047,-0.409359
5.5400,-6.114365,0.267229,-0.406383
5.5500,-8.860484,0.192355,-0.404085
5.5600,-11.473780,0.090684,-0.402670
5.5700,-7.672056,-0.005045,-0.402242
5.5800,-3.823198,-0.062522,-0.402580
5.5900,-0.222751,-0.082751,-0.403306
5.6000,1.348659,-0.077122,-0.404105
5.6100,2.048561,-0.060136,-0.404792
5.6200,5.422725,-0.022779,-0.405206
5.6300,4.999025,0.029330,-0.405173
5.6400,4.004177,0.074346,-0.404655
5.6500,4.686489,0.117799,-0.403694
5.6600,3.956678,0.161015,-0.402300
5.6700,4.401503,0.202806,-0.400481
5.6800,4.955006,0.249588,-0.398219
5.6900,2.059552,0.284661,-0.395548
5.7000,-0.290769,0.293505,-0.392657
5.7100,-3.142449,0.276339,-0.389808
5.7200,-6.111857,0.230067,-0.387276
5.7300,-5.852253,0.170247,-0.385274
5.7400,-6.304894,0.109461,-0.383876
5.7500,-7.947058,0.038201,-0.383137
5.7600,-5.828730,-0.030678,-0.383100
5.7700,-4.358036,-0.081612,-0.383661
5.7800,-4.155497,-0.124179,-0.384690
5.7900,-5.040747,-0.170160,-0.386162
5.8000,-3.989924,-0.215314,-0.388089
5.8100,-2.116770,-0.245847,-0.390395
5.8200,0.346758,-0.254697,-0.392898
5.8300,2.671546,-0.239606,-0.395369
5.8400,0.969419,-0.221401,-0.397674
5.8500,4.184271,-0.195633,-0.399760
5.8600,5.570502,-0.146859,-0.401472
5.8700,6.525742,-0.086377,-0.402638
5.8800,9.298005,-0.007259,-0.403106
5.8900,9.657248,0.087518,-0.402705
5.9000,9.011337,0.180860,-0.401363
5.9100,8.097450,0.266404,-0.399127
5.9200,7.299742,0.343390,-0.396078
5.9300,8.464631,0.422212,-0.392250
5.9400,6.541463,0.497243,-0.387653
5.9500,6.602968,0.562965,-0.382352
5.9600,5.843271,0.625196,-0.376411
5.9700,3.219235,0.670509,-0.369932
5.9800,1.971347,0.696461,-0.363097
5.9900,-1.005892,0.701289,-0.356109
6.0000,-2.967654,0.681421,-0.349195
6.0100,-3.442471,0.649370,-0.342541
6.0200,-3.987839,0.612219,-0.336233
6.0300,-5.708913,0.563735,-0.330353
6.0400,-5.704332,0.506669,-0.325001
6.0500,-7.402879,0.441133,-0.320262
6.0600,-6.808882,0.370074,-0.316206
6.0700,-4.273989,0.314660,-0.312783
6.0800,-4.140548,0.272587,-0.309846
6.0900,-6.034945,0.221710,-0.307375
6.1000,-6.584989,0.158610,-0.305473
6.1100,-4.751179,0.101929,-0.304171
6.1200,-0.342181,0.076462,-0.303279
6.1300,2.768573,0.088594,-0.302453
6.1400,2.950369,0.117189,-0.301425
6.1500,4.491710,0.154399,-0.300067
6.1600,9.003031,0.221873,-0.298185
6.1700,9.838417,0.316080,-0.295495
6.1800,8.538323,0.407964,-0.291875
6.1900,5.996417,0.480638,-0.287432
6.2000,3.056615,0.525903,-0.282400
6.2100,0.248658,0.542429,-0.277058
6.2200,-2.007641,0.533634,-0.271678
6.2300,-4.048172,0.503355,-0.266493
6.2400,-3.578941,0.465220,-0.261650
6.2500,-5.037013,0.422140,-0.257213
6.2600,-4.789755,0.373006,-0.253237
6.2700,-1.556612,0.341274,-0.249666
6.2800,-1.161414,0.327684,-0.246321
6.2900,-0.172185,0.321016,-0.243078
6.3000,1.427114,0.327291,-0.239836
6.3100,-0.300100,0.332926,-0.236535
6.3200,-1.716852,0.322841,-0.233256
6.3300,-1.024147,0.309136,-0.230096
6.3400,-1.077115,0.298630,-0.227057
6.3500,-0.873978,0.288874,-0.224120
6.3600,-2.037455,0.274317,-0.221304
6.3700,0.203110,0.265145,-0.218607
6.3800,3.077016,0.281546,-0.215873
6.3900,3.098181,0.312422,-0.212903
6.4000,-1.455218,0.320637,-0.209738
6.4100,0.650646,0.316614,-0.206552
6.4200,3.330059,0.336517,-0.203286
6.4300,5.982702,0.383081,-0.199688
6.4400,7.607286,0.451031,-0.195517
6.4500,8.587998,0.532008,-0.190602
6.4600,6.821329,0.609054,-0.184897
6.4700,2.668946,0.656506,-0.178569
6.4800,2.246987,0.681085,-0.171881
6.4900,2.269873,0.703670,-0.164957
6.5000,3.765586,0.733847,-0.157770
6.5100,2.736816,0.766359,-0.150269
6.5200,2.118610,0.790636,-0.142484
6.5300,-0.513807,0.798660,-0.134537
6.5400,-2.757725,0.782302,-0.126633
6.5500,-2.479389,0.756117,-0.118940
6.5600,-2.113196,0.733154,-0.111494
6.5700,-0.980272,0.717687,-0.104240
6.5800,-2.102783,0.702271,-0.097140
6.5900,-4.551803,0.668998,-0.090284
6.6000,-3.363114,0.629424,-0.083792
6.6100,-4.216989,0.591523,-0.077687
6.6200,-3.078475,0.555046,-0.071954
6.6300,-0.543692,0.536935,-0.066494
6.6400,-0.014064,0.534146,-0.061139
6.6500,0.852331,0.538338,-0.055776
6.6600,1.125908,0.548229,-0.050344
6.6700,1.561158,0.561664,-0.044794
6.6800,2.795663,0.583448,-0.039069
6.6900,2.588477,0.610369,-0.033099
6.7000,-0.247625,0.622073,-0.026937
6.7100,-1.811236,0.611779,-0.020768
6.7200,-2.311978,0.591163,-0.014753
6.7300,-0.592777,0.576639,-0.008914
6.7400,-0.645083,0.570450,-0.003179
6.7500,0.113145,0.567790,0.002512
6.7600,1.231375,0.574513,0.008224
6.7700,-1.250494,0.574417,0.013969
6.7800,-1.873623,0.558796,0.019635
6.7900,-2.902619,0.534915,0.025103
6.8000,-1.651914,0.512143,0.030338
6.8100,-1.256889,0.497599,0.035387
6.8200,-0.579177,0.488418,0.040317
6.8300,-0.812593,0.481459,0.045167
6.8400,1.912099,0.486957,0.050009
6.8500,1.481373,0.503924,0.054963
6.8600,0.627431,0.514468,0.060055
6.8700,2.512862,0.530170,0.065278
6.8800,2.557183,0.555520,0.070707
6.8900,1.492907,0.575770,0.076363
6.9000,0.268332,0.584577,0.082165
6.9100,0.440109,0.588119,0.088028
6.9200,-0.990995,0.585364,0.093896
6.9300,-1.191900,0.574450,0.099695
6.9400,-0.748753,0.564747,0.105391
6.9500,0.473822,0.563372,0.111031
6.9600,2.207526,0.576779,0.116732
6.9700,-0.378689,0.585923,0.122546
6.9800,-2.019338,0.573933,0.128345
6.9900,-2.448438,0.551594,0.133973
7.0000,-3.866390,0.520020,0.139331
7.0100,-4.562739,0.477874,0.144320
7.0200,-4.350552,0.433308,0.148876
7.0300,-5.431689,0.384397,0.152965
7.0400,-3.854741,0.337964,0.156576
7.0500,0.177728,0.319579,0.159864
7.0600,-0.598280,0.317477,0.163049
7.0700,-2.106418,0.303953,0.166157
7.0800,-0.748621,0.289678,0.169125
7.0900,-1.195549,0.279957,0.171973
7.1000,0.266532,0.275312,0.174749
7.1100,-0.255979,0.275365,0.177503
7.1200,-0.833918,0.269915,0.180229
7.1300,-1.629289,0.257599,0.182867
7.1400,-1.967036,0.239618,0.185353
7.1500,-3.462515,0.212470,0.187613
7.1600,-3.678144,0.176766,0.189559
7.1700,-4.089073,0.137930,0.191133
7.1800,-2.337509,0.105797,0.192351
7.1900,-1.898183,0.084619,0.193303
7.2000,-1.250307,0.068877,0.194071
7.2100,0.144417,0.063347,0.194732
7.2200,-0.061008,0.063764,0.195368
7.2300,-0.939901,0.058760,0.195980
7.2400,-0.865392,0.049733,0.196523
7.2500,-3.260259,0.029105,0.196917
7.2600,-6.382418,-0.019108,0.196967
7.2700,-5.965017,-0.080846,0.196467
7.2800,-4.818469,-0.134763,0.195389
7.2900,-3.198660,-0.174849,0.193841
7.3000,-2.984676,-0.205765,0.191938
7.3100,-0.150020,-0.221439,0.189802
7.3200,2.581165,-0.209283,0.187648
7.3300,1.298238,-0.189886,0.185652
7.3400,2.202430,-0.172383,0.183841
7.3500,1.111349,-0.155814,0.182200
7.3600,1.649593,-0.142009,0.180711
7.3700,-0.442101,-0.135972,0.179321
7.3800,-1.233564,-0.144350,0.177920
7.3900,0.268088,-0.149177,0.176452
7.4000,-0.224507,-0.148960,0.174961
7.4100,-1.992242,-0.160043,0.173416
7.4200,-2.580665,-0.182908,0.171701
7.4300,-5.621494,-0.223919,0.169667
7.4400,-5.507156,-0.279562,0.167150
7.4500,-4.500548,-0.329600,0.164104
7.4600,-2.821905,-0.366213,0.160625
7.4700,-3.333187,-0.396988,0.156809
7.4800,-2.956833,-0.428438,0.152682
7.4900,-4.147768,-0.463961,0.148220
7.5000,-2.563909,-0.497520,0.143412
7.5100,-0.699350,-0.513836,0.138356
7.5200,0.472512,-0.514970,0.133212
7.5300,-0.145784,-0.513336,0.128070
7.5400,0.295842,-0.512586,0.122941
7.5500,-1.731108,-0.519762,0.117779
7.5600,-3.588925,-0.546363,0.112448
7.5700,-5.005816,-0.589336,0.106770
7.5800,-5.685381,-0.642792,0.100609
7.5900,-4.608226,-0.694260,0.093924
7.6000,-4.951250,-0.742058,0.086742
7.6100,-4.996833,-0.791798,0.079073
7.6200,-4.042931,-0.836997,0.070929
7.6300,-1.681052,-0.865617,0.062416
7.6400,-0.136902,-0.874707,0.053714
7.6500,-0.005362,-0.875418,0.044964
7.6600,-0.871372,-0.879802,0.036188
7.6700,-0.071632,-0.884517,0.027366
7.6800,0.105919,-0.884345,0.018522
7.6900,-2.599707,-0.896814,0.009616
7.7000,-3.929171,-0.929459,0.000484
7.7100,-1.689072,-0.957550,-0.008951
7.7200,-0.039249,-0.966191,-0.018569
7.7300,1.159373,-0.960591,-0.028203
7.7400,3.935980,-0.935114,-0.037682
7.7500,4.112223,-0.894873,-0.046832
7.7600,4.381374,-0.852405,-0.055568
7.7700,5.900790,-0.800994,-0.063835
7.7800,8.755339,-0.727714,-0.071479
7.7900,10.373926,-0.632067,-0.078278
7.8000,9.188040,-0.534257,-0.084109
7.8100,8.566254,-0.445486,-0.089008
7.8200,7.600945,-0.364650,-0.093059
7.8300,5.256610,-0.300362,-0.096384
7.8400,3.677285,-0.255693,-0.099164
7.8500,5.912740,-0.207743,-0.101481
7.8600,7.132016,-0.142519,-0.103232
7.8700,5.864375,-0.077537,-0.104333
7.8800,1.972353,-0.038353,-0.104912
7.8900,-0.037438,-0.028679,-0.105247
7.9000,-0.255202,-0.030142,-0.105541
7.9100,-1.984396,-0.041340,-0.105899
7.9200,-0.520178,-0.053863,-0.106375
7.9300,0.888249,-0.052022,-0.106904
7.9400,2.161009,-0.036776,-0.107348
7.9500,2.088273,-0.015530,-0.107610
7.9600,2.822788,0.009026,-0.107642
7.9700,3.263381,0.039457,-0.107400
7.9800,0.905023,0.060299,-0.106901
7.9900,0.061795,0.065133,-0.106274
8.0000,1.304972,0.071966,-0.105588
8.0100,1.074672,0.083865,-0.104809
8.0200,0.872138,0.093599,-0.103922
8.0300,-0.535140,0.095284,-0.102977
8.0400,-1.952982,0.082843,-0.102087
8.0500,-3.195460,0.057101,-0.101387
8.0600,-3.746914,0.022389,-0.100990
8.0700,-5.025105,-0.021471,-0.100985
8.0800,-2.711020,-0.060152,-0.101393
8.0900,-3.187164,-0.089643,-0.102142
8.1000,-3.809003,-0.124623,-0.103214
8.1100,-3.556778,-0.161452,-0.104644
8.1200,-4.088697,-0.199680,-0.106450
8.1300,-2.549263,-0.232870,-0.108612
8.1400,-1.500246,-0.253117,-0.111042
8.1500,-0.555508,-0.263396,-0.113625
8.1600,1.440898,-0.258969,-0.116237
8.1700,1.283606,-0.245346,-0.118758
8.1800,0.211870,-0.237869,-0.121174
8.1900,2.352177,-0.225049,-0.123489
8.2000,4.433025,-0.191123,-0.125570
8.2100,3.579167,-0.151062,-0.127281
8.2200,4.269697,-0.111817,-0.128595
8.2300,3.166113,-0.074638,-0.129527
8.2400,4.745089,-0.035082,-0.130076
8.2500,5.822440,0.017755,-0.130163
8.2600,6.843427,0.081085,-0.129668
8.2700,5.611627,0.143360,-0.128546
8.2800,4.623492,0.194535,-0.126857
8.2900,5.154182,0.243424,-0.124667
8.3000,3.475473,0.286572,-0.122017
8.3100,2.376473,0.315832,-0.119005
8.3200,1.289991,0.334164,-0.115755
8.3300,3.000238,0.355615,-0.112306
8.3400,2.745470,0.384344,-0.108606
8.3500,1.350646,0.404824,-0.104660
8.3600,0.463619,0.413896,-0.100567
8.3700,0.290948,0.417669,-0.096409
8.3800,-0.145724,0.418395,-0.092229
8.3900,0.973361,0.422533,-0.088024
8.4000,-0.198717,0.426406,-0.083779
8.4100,-0.470346,0.423061,-0.079532
8.4200,-1.037852,0.415520,-0.075339
8.4300,0.843780,0.414549,-0.071189
8.4400,1.641199,0.426974,-0.066981
8.4500,2.944099,0.449901,-0.062597
8.4600,2.928351,0.479263,-0.057951
8.4700,2.098945,0.504400,-0.053033
8.4800,-0.008651,0.514851,-0.047936
8.4900,0.047830,0.515047,-0.042787
8.5000,-0.270508,0.513934,-0.037642
8.5100,-0.924400,0.507959,-0.032532
8.5200,0.860369,0.507639,-0.027454
8.5300,0.842799,0.516155,-0.022335
8.5400,-0.802826,0.516355,-0.017173
8.5500,-2.666082,0.499010,-0.012096
8.5600,-5.303141,0.459164,-0.007305
8.5700,-5.716236,0.404067,-0.002989
8.5800,-5.359951,0.348686,0.000775
8.5900,-4.863904,0.297567,0.004006
8.6000,-3.775381,0.254370,0.006766
8.6100,-2.371629,0.223635,0.009156
8.6200,-1.728107,0.203137,0.011290
8.6300,0.859918,0.198796,0.013299
8.6400,2.290063,0.214546,0.015366
8.6500,2.815094,0.240071,0.017639
8.6600,2.534814,0.266821,0.020173
8.6700,3.010720,0.294549,0.022980
8.6800,2.708437,0.323144,0.026069
8.6900,5.587892,0.364626,0.029508
8.7000,4.911422,0.417123,0.033416
8.7100,4.807812,0.465719,0.037831
8.7200,4.493251,0.512224,0.042720
8.7300,3.803019,0.553705,0.048050
8.7400,2.274707,0.584094,0.053739
8.7500,0.762800,0.599282,0.059656
8.7600,1.256944,0.609380,0.065699
8.7700,-0.533370,0.612998,0.071811
8.7800,-1.910294,0.600780,0.077880
8.7900,-3.054204,0.575957,0.083764
8.8000,-3.717347,0.542100,0.089354
8.8100,-3.563463,0.505696,0.094593
8.8200,-1.928831,0.478234,0.099512
8.8300,-2.188041,0.457650,0.104192
8.8400,-2.077935,0.436320,0.108662
8.8500,0.510146,0.428481,0.112986
8.8600,0.541755,0.433740,0.117297
8.8700,0.317591,0.438037,0.121656
8.8800,1.194433,0.445597,0.126074
8.8900,-0.178646,0.450676,0.130555
8.9000,0.837536,0.453971,0.135079
8.9100,2.095776,0.468637,0.139692
8.9200,2.207306,0.490153,0.144485
8.9300,1.058970,0.506484,0.149469
8.9400,1.226372,0.517911,0.154591
8.9500,1.853926,0.533312,0.159847
8.9600,2.099681,0.553080,0.165279
8.9700,-0.695652,0.560100,0.170845
8.9800,0.459631,0.558920,0.176440
8.9900,1.807399,0.570255,0.182086
9.0000,1.293285,0.585759,0.187866
9.0100,-0.151625,0.591467,0.193752
9.0200,-1.787721,0.581770,0.199618
9.0300,-3.365223,0.556006,0.205307
9.0400,-3.694382,0.520708,0.210690
9.0500,-1.479266,0.494839,0.215768
9.0600,-1.845955,0.478213,0.220633
9.0700,-3.208904,0.452939,0.225289
9.0800,-3.662876,0.418580,0.229647
9.0900,-2.912706,0.385702,0.233668
9.1000,-3.479800,0.353740,0.237365
9.1100,-3.321610,0.319733,0.240733
9.1200,-3.415587,0.286047,0.243762
9.1300,-2.157854,0.258179,0.246483
9.1400,-1.323969,0.240770,0.248978
9.1500,-1.679589,0.225753,0.251310
9.1600,-0.590189,0.214404,0.253511
9.1700,0.446580,0.213686,0.255651
9.1800,-0.238810,0.214724,0.257793
9.1900,1.551063,0.221286,0.259973
9.2000,2.900148,0.243542,0.262298
9.2100,3.244940,0.274267,0.264887
9.2200,1.946365,0.300224,0.267759
9.2300,1.311536,0.316513,0.270843
9.2400,-0.567224,0.320235,0.274027
9.2500,-3.235350,0.301222,0.277134
9.2600,-3.938542,0.265352,0.279967
9.2700,-5.102037,0.220150,0.282394
9.2800,-1.709497,0.186092,0.284425
9.2900,-0.159355,0.176748,0.286240
9.3000,0.214075,0.177021,0.288008
9.3100,0.225484,0.179219,0.289790
9.3200,-0.595041,0.177371,0.291573
9.3300,-2.663130,0.161080,0.293265
9.3400,-2.387295,0.135828,0.294749
9.3500,-2.791368,0.109935,0.295978
9.3600,-3.246281,0.079747,0.296927
9.3700,-4.160949,0.042711,0.297539
9.3800,-5.539572,-0.005792,0.297724
9.3900,-4.751646,-0.057248,0.297408
9.4000,-3.486033,-0.098437,0.296630
9.4100,-2.763239,-0.129683,0.295489
9.4200,-2.308759,-0.155043,0.294066
9.4300,-1.093673,-0.172055,0.292430
9.4400,-2.792215,-0.191484,0.290613
9.4500,-4.635993,-0.228626,0.288512
9.4600,-3.792488,-0.270768,0.286015
9.4700,-2.073904,-0.300100,0.283161
9.4800,-0.659159,-0.313765,0.280091
9.4900,2.258708,-0.305767,0.276994
9.5000,3.144903,-0.278749,0.274071
9.5100,3.587629,-0.245087,0.271452
9.5200,1.748575,-0.218406,0.269134
9.5300,2.375675,-0.197784,0.267053
9.5400,2.195709,-0.174928,0.265190
9.5500,3.095635,-0.148471,0.263573
9.5600,4.308563,-0.111450,0.262273
9.5700,2.801745,-0.075898,0.261337
9.5800,0.671633,-0.058531,0.260664
9.5900,0.207546,-0.054136,0.260101
9.6000,0.413496,-0.051030,0.259575
9.6100,0.057248,-0.048677,0.259077
9.6200,-0.003003,-0.048405,0.258591
9.6300,0.158705,-0.047627,0.258111
9.6400,0.697770,-0.043344,0.257656
9.6500,-0.658185,-0.043147,0.257224
9.6600,-1.198524,-0.052430,0.256746
9.6700,-3.307004,-0.074958,0.256109
9.6800,-4.587593,-0.114431,0.255162
9.6900,-3.527994,-0.155009,0.253815
9.7000,-2.690118,-0.186099,0.252109
9.7100,-3.282488,-0.215962,0.250099
9.7200,-4.380605,-0.254278,0.247748
9.7300,-4.449747,-0.298429,0.244984
9.7400,-2.769260,-0.334525,0.241820
9.7500,-2.263215,-0.359687,0.238348
9.7600,-0.890250,-0.375454,0.234673
9.7700,-0.119176,-0.380501,0.230893
9.7800,0.296634,-0.379614,0.227092
9.7900,-0.085094,-0.378556,0.223302
9.8000,0.655120,-0.375706,0.219530
9.8100,1.378585,-0.365538,0.215824
9.8200,2.973783,-0.343776,0.212277
9.8300,3.579729,-0.311008,0.209004
9.8400,2.872963,-0.278745,0.206055
9.8500,1.586395,-0.256448,0.203379
9.8600,1.772671,-0.239653,0.200898
9.8700,1.476771,-0.223406,0.198583
9.8800,0.489987,-0.213572,0.196398
9.8900,-0.279285,-0.212518,0.194268
9.9000,1.293341,-0.207448,0.192168
9.9100,1.501725,-0.193473,0.190163
9.9200,-0.168832,-0.186808,0.188262
9.9300,0.901342,-0.183146,0.186412
9.9400,0.853872,-0.174370,0.184625
9.9500,-1.251523,-0.176358,0.182871
9.9600,-0.639842,-0.185815,0.181060
9.9700,-0.974648,-0.193887,0.179162
9.9800,-0.437069,-0.200946,0.177187
9.9900,0.031796,-0.202972,0.175168
10.0000,0.657237,-0.199527,0.173155
10.0100,0.208339,-0.195199,0.171182
10.0200,-1.850450,-0.203409,0.169189
10.0300,-0.812537,-0.216724,0.167088
10.0400,-1.363109,-0.227603,0.164866
10.0500,-0.311497,-0.235976,0.162548
10.0600,-0.414716,-0.239607,0.160170
10.0700,-0.864681,-0.246004,0.157742
10.0800,-0.207405,-0.251364,0.155256
10.0900,-0.412892,-0.254466,0.152726
10.1000,0.562935,-0.253715,0.150186
10.1100,1.603941,-0.242881,0.147703
10.1200,2.176944,-0.223977,0.145368
10.1300,1.168918,-0.207247,0.143212
10.1400,0.641666,-0.198194,0.141185
10.1500,-0.595405,-0.197963,0.139204
10.1600,-0.221295,-0.202047,0.137204
10.1700,0.133328,-0.202486,0.135181
10.1800,-0.509803,-0.204369,0.133147
10.1900,-1.989994,-0.216868,0.131041
10.2000,-2.623119,-0.239933,0.128757
10.2100,-1.671099,-0.261404,0.126250
10.2200,-2.499375,-0.282257,0.123532
10.2300,-2.985768,-0.309683,0.120572
10.2400,-2.382996,-0.336526,0.117341
10.2500,-2.563324,-0.361258,0.113852
10.2600,-2.984493,-0.388997,0.110101
10.2700,-2.094650,-0.414393,0.106084
10.2800,-1.430594,-0.432019,0.101852
10.2900,-1.615056,-0.447247,0.097456
10.3000,1.172929,-0.449458,0.092972
10.3100,1.831927,-0.434434,0.088553
10.3200,3.324620,-0.408651,0.084337
10.3300,3.605897,-0.373998,0.080424
10.3400,2.773931,-0.342099,0.076844
10.3500,2.295522,-0.316752,0.073549
10.3600,1.536325,-0.297593,0.070478
10.3700,2.439150,-0.277715,0.067601
10.3800,3.209926,-0.249470,0.064965
10.3900,3.211673,-0.217362,0.062631
10.4000,3.170338,-0.185452,0.060617
10.4100,2.023198,-0.159484,0.058892
10.4200,0.043491,-0.149151,0.057349
10.4300,-0.192390,-0.149895,0.055854
10.4400,0.579905,-0.147958,0.054365
10.4500,0.737758,-0.141369,0.052918
10.4600,0.281650,-0.136272,0.051530
10.4700,0.163320,-0.134047,0.050178
10.4800,1.374840,-0.126357,0.048876
10.4900,2.302437,-0.107970,0.047704
10.5000,1.700172,-0.087957,0.046725
10.5100,2.502597,-0.066943,0.045950
10.5200,1.158676,-0.048637,0.045372
10.5300,0.541326,-0.040137,0.044929
10.5400,0.314860,-0.035856,0.044549
10.5500,-0.372582,-0.036145,0.044189
10.5600,-0.902112,-0.042518,0.043795
10.5700,-2.709319,-0.060575,0.043280
10.5800,-1.951504,-0.083879,0.042558
10.5900,-0.656406,-0.096919,0.041654
10.6000,0.663620,-0.096883,0.040685
10.6100,0.548848,-0.090821,0.039746
10.6200,-0.706387,-0.091608,0.038834
10.6300,-0.334906,-0.096815,0.037892
10.6400,-0.166017,-0.099319,0.036911
10.6500,0.356016,-0.098369,0.035923
10.6600,1.878568,-0.087196,0.034995
10.6700,2.088172,-0.067363,0.034222
10.6800,0.848083,-0.052681,0.033622
10.6900,1.233726,-0.042272,0.033147
10.7000,0.883581,-0.031686,0.032777
10.7100,0.455869,-0.024989,0.032494
10.7200,0.294901,-0.021235,0.032263
10.7300,-0.765375,-0.023587,0.032039
10.7400,-0.784436,-0.031336,0.031764
10.7500,-1.641592,-0.043466,0.031390
10.7600,-2.427724,-0.063813,0.030854
10.7700,-2.258817,-0.087246,0.030098
10.7800,-1.145829,-0.104269,0.029141
10.7900,-0.921655,-0.114606,0.028046
10.8000,-0.736540,-0.122897,0.026859
10.8100,-0.731688,-0.130238,0.025593
10.8200,-0.692808,-0.137361,0.024255
10.8300,0.678741,-0.137431,0.022881
10.8400,1.274882,-0.127663,0.021556
10.8500,0.165144,-0.120463,0.020315
10.8600,0.558099,-0.116847,0.019129
10.8700,-0.893116,-0.118522,0.017952
10.8800,-1.173530,-0.128855,0.016715
10.8900,-1.438533,-0.141915,0.015361
10.9000,0.526460,-0.146476,0.013919
10.9100,0.737154,-0.140158,0.012486
10.9200,0.870364,-0.132120,0.011124
10.9300,0.691844,-0.124309,0.009842
10.9400,-0.083586,-0.121268,0.008614
10.9500,0.687041,-0.118250,0.007417
10.9600,2.141621,-0.104107,0.006305
10.9700,2.000565,-0.083396,0.005368
10.9800,2.797660,-0.059405,0.004654
10.9900,2.475970,-0.033037,0.004191
11.0000,1.574315,-0.012785,0.003962
11.0100,1.455325,0.002363,0.003910
11.0200,1.065320,0.014966,0.003997
11.0300,-0.135528,0.019615,0.004170
11.0400,-1.680517,0.010535,0.004320
11.0500,-1.406662,-0.004901,0.004349
11.0600,-0.940229,-0.016636,0.004241
11.0700,-0.571609,-0.024195,0.004037
11.0800,-0.219263,-0.028149,0.003775
11.0900,0.186837,-0.028311,0.003493
11.1000,0.077013,-0.026992,0.003216
11.1100,0.746173,-0.022876,0.002967
11.1200,1.746182,-0.010414,0.002800
11.1300,0.812342,0.002378,0.002760
11.1400,-0.160102,0.005639,0.002800
11.1500,-0.629429,0.001692,0.002837
11.1600,-1.119199,-0.007051,0.002810
11.1700,-0.803615,-0.016665,0.002692
11.1800,0.311521,-0.019126,0.002513
11.1900,0.854527,-0.013296,0.002351
11.2000,-0.523735,-0.011642,0.002226
11.2100,-0.038091,-0.014451,0.002095
11.2200,-0.528238,-0.017282,0.001937
11.2300,-1.097279,-0.025410,0.001723
11.2400,-1.560004,-0.038696,0.001403
11.2500,-1.266909,-0.052831,0.000945
11.2600,-0.467446,-0.061503,0.000373
11.2700,-0.888976,-0.068285,-0.000276
11.2800,-0.847901,-0.076969,-0.001002
11.2900,-1.194206,-0.087180,-0.001823
11.3000,-1.760838,-0.101955,-0.002768
11.3100,-0.976402,-0.115641,-0.003856
11.3200,-0.664710,-0.123847,-0.005054
11.3300,-1.035650,-0.132349,-0.006335
11.3400,-0.635579,-0.140705,-0.007700
11.3500,-1.094029,-0.149353,-0.009150
11.3600,-1.582439,-0.162735,-0.010711
11.3700,-1.431310,-0.177804,-0.012413
11.3800,-1.618760,-0.193054,-0.014268
11.3900,-0.302249,-0.202659,-0.016246
11.4000,0.335421,-0.202493,-0.018272
11.4100,-0.101710,-0.201325,-0.020291
11.4200,-0.250553,-0.203086,-0.022313
11.4300,0.006795,-0.204305,-0.024350
11.4400,0.683732,-0.200852,-0.026376
11.4500,2.648404,-0.184192,-0.028301
11.4600,2.039081,-0.160754,-0.030026
11.4700,1.638401,-0.142367,-0.031541
11.4800,1.630070,-0.126024,-0.032883
11.4900,1.517957,-0.110284,-0.034065
11.5000,2.270927,-0.091340,-0.035073
11.5100,3.028783,-0.064841,-0.035854
11.5200,1.492885,-0.042233,-0.036389
11.5300,1.173629,-0.028900,-0.036745
11.5400,0.930170,-0.018381,-0.036981
11.5500,-0.599715,-0.016729,-0.037157
11.5600,-0.766723,-0.023561,-0.037358
11.5700,-1.328349,-0.034037,-0.037646
11.5800,-1.520866,-0.048283,-0.038058
11.5900,-0.993567,-0.060855,-0.038604
11.6000,-1.239508,-0.072020,-0.039268
11.6100,-2.404013,-0.090238,-0.040079
11.6200,-2.944763,-0.116982,-0.041115
11.6300,-2.218126,-0.142796,-0.042414
11.6400,-1.560576,-0.161690,-0.043937
11.6500,-1.295895,-0.175972,-0.045625
11.6600,-0.595468,-0.185429,-0.047432
11.6700,0.106946,-0.187872,-0.049299
11.6800,0.538922,-0.184642,-0.051161
11.6900,0.315036,-0.180372,-0.052986
11.7000,0.815886,-0.174718,-0.054762
11.7100,0.965140,-0.165813,-0.056464
11.7200,0.651479,-0.157730,-0.058082
11.7300,2.104494,-0.143950,-0.059590
11.7400,2.290695,-0.121974,-0.060920
11.7500,2.147965,-0.099780,-0.062029
11.7600,1.020610,-0.083938,-0.062947
11.7700,0.717962,-0.075245,-0.063743
11.7800,-0.028130,-0.071796,-0.064479
11.7900,-0.195935,-0.072916,-0.065202
11.8000,0.370661,-0.072042,-0.065927
11.8100,0.997641,-0.065201,-0.066613
11.8200,1.716582,-0.051630,-0.067197
11.8300,2.100410,-0.032545,-0.067618
11.8400,1.047011,-0.016808,-0.067865
11.8500,0.658363,-0.008281,-0.067990
11.8600,-0.357918,-0.006778,-0.068066
11.8700,-1.202901,-0.014583,-0.068172
11.8800,-0.986335,-0.025529,-0.068373
11.8900,-1.740180,-0.039161,-0.068696
11.9000,-1.406008,-0.054892,-0.069167
11.9100,-0.677470,-0.065310,-0.069768
11.9200,0.045919,-0.068467,-0.070437
11.9300,0.168857,-0.067394,-0.071116
11.9400,-0.849183,-0.070795,-0.071807
11.9500,-0.922527,-0.079654,-0.072559
11.9600,-0.559792,-0.087065,-0.073393
11.9700,0.073115,-0.089499,-0.074275
11.9800,-0.068265,-0.089474,-0.075170
11.9900,-0.432752,-0.091980,-0.076078
12.0000,-2.237307,-0.105330,-0.077064
12.0100,-2.189624,-0.127464,-0.078228
12.0200,-1.762888,-0.147227,-0.079602
12.0300,-0.863746,-0.160360,-0.081140
12.0400,0.627979,-0.161539,-0.082749
12.0500,2.006890,-0.148365,-0.084299
12.0600,2.555234,-0.125554,-0.085668
12.0700,2.941511,-0.098070,-0.086786
12.0800,3.765441,-0.064536,-0.087599
12.0900,3.823252,-0.026592,-0.088055
12.1000,3.992546,0.012487,-0.088125
12.1100,3.172374,0.048311,-0.087821
12.1200,2.861648,0.078482,-0.087187
12.1300,2.993768,0.107759,-0.086256
12.1400,3.102689,0.138241,-0.085026
12.1500,2.181497,0.164662,-0.083512
12.1600,1.105384,0.181096,-0.081783
12.1700,0.847076,0.190859,-0.079923
12.1800,0.530033,0.197744,-0.077980
12.1900,-0.587756,0.197456,-0.076004
12.2000,-1.072432,0.189155,-0.074071
12.2100,-1.211921,0.177733,-0.072237
12.2200,-0.400443,0.169671,-0.070500
12.2300,0.605645,0.170697,-0.068798
12.2400,0.408956,0.175770,-0.067066
12.2500,-0.250361,0.176563,-0.065304
12.2600,-1.311971,0.168751,-0.063577
12.2700,-2.086430,0.151759,-0.061975
12.2800,-2.422014,0.129217,-0.060570
12.2900,-3.125986,0.101477,-0.059416
12.3000,-2.812356,0.071785,-0.058550
12.3100,-2.904635,0.043200,-0.057975
12.3200,-2.116721,0.018094,-0.057669
12.3300,-1.744848,-0.001214,-0.057584
12.3400,-1.514249,-0.017510,-0.057678
12.3500,-1.044253,-0.030302,-0.057917
12.3600,0.512964,-0.032959,-0.058233
12.3700,2.096304,-0.019912,-0.058498
12.3800,1.586018,-0.001501,-0.058605
12.3900,2.246624,0.017663,-0.058524
12.4000,2.187282,0.039832,-0.058236
12.4100,1.835815,0.059948,-0.057737
12.4200,0.728235,0.072768,-0.057074
12.4300,-0.456049,0.074129,-0.056339
12.4400,-0.301226,0.070342,-0.055617
12.4500,0.136707,0.069520,-0.054918
12.4600,0.274487,0.071576,-0.054212
12.4700,0.746222,0.076679,-0.053471
12.4800,0.241826,0.081620,-0.052680
12.4900,-1.378755,0.075935,-0.051892
12.5000,-1.395023,0.062066,-0.051202
12.5100,-1.781968,0.046181,-0.050661
12.5200,-2.420942,0.025166,-0.050304
12.5300,-2.479781,0.000663,-0.050175
12.5400,-2.590276,-0.024687,-0.050295
12.5500,-1.605605,-0.045667,-0.050647
12.5600,0.018670,-0.053602,-0.051143
12.5700,-0.001412,-0.053515,-0.051678
12.5800,0.581000,-0.050617,-0.052199
12.5900,0.968675,-0.042869,-0.052667
12.6000,1.484604,-0.030603,-0.053034
12.6100,1.434730,-0.016006,-0.053267
12.6200,2.321581,0.002776,-0.053333
12.6300,3.187614,0.030322,-0.053168
12.6400,3.646263,0.064491,-0.052694
12.6500,3.521802,0.100331,-0.051869
12.6600,3.111246,0.133497,-0.050700
12.6700,2.436917,0.161237,-0.049227
12.6800,2.255941,0.184702,-0.047497
12.6900,2.255095,0.207257,-0.045537
12.7000,1.793113,0.227498,-0.043363
12.7100,1.515579,0.244041,-0.041006
12.7200,0.244229,0.252840,-0.038521
12.7300,-0.465981,0.251732,-0.035998
12.7400,0.130967,0.250057,-0.033489
12.7500,-0.276458,0.249329,-0.030993
12.7600,-0.757407,0.244160,-0.028525
12.7700,-0.589830,0.237424,-0.026117
12.7800,-0.240050,0.233274,-0.023764
12.7900,0.655124,0.235350,-0.021421
12.8000,-0.258351,0.237334,-0.019057
12.8100,-0.663423,0.232725,-0.016707
12.8200,-0.600908,0.226403,-0.014411
12.8300,-1.441046,0.216193,-0.012198
12.8400,-1.323502,0.202370,-0.010105
12.8500,-1.324532,0.189130,-0.008148
12.8600,-1.545814,0.174779,-0.006328
12.8700,-1.465992,0.159720,-0.004656
12.8800,-0.825720,0.148261,-0.003116
12.8900,-0.086136,0.143702,-0.001656
12.9000,-0.106187,0.142740,-0.000224
12.9100,0.004785,0.142233,0.001201
12.9200,2.050817,0.152511,0.002675
12.9300,2.229628,0.173913,0.004307
12.9400,2.224400,0.196183,0.006157
12.9500,1.875564,0.216683,0.008222
12.9600,1.524408,0.233683,0.010473
12.9700,1.558798,0.249099,0.012887
12.9800,1.147457,0.262630,0.015446
12.9900,0.918544,0.272960,0.018124
13.0000,0.716265,0.281134,0.020894
13.0100,-0.330278,0.283064,0.023715
13.0200,-1.159859,0.275614,0.026509
13.0300,-1.483058,0.262399,0.029199
13.0400,-1.575355,0.247107,0.031746
13.0500,-2.395907,0.227251,0.034118
13.0600,-3.464122,0.197951,0.036244
13.0700,-4.168329,0.159788,0.038033
13.0800,-4.679528,0.115549,0.039410
13.0900,-4.412919,0.070087,0.040338
13.1000,-3.056441,0.032740,0.040852
13.1100,-2.401509,0.005450,0.041043
13.1200,-1.714987,-0.015132,0.040994
13.1300,-1.133972,-0.029377,0.040772
13.1400,-0.394614,-0.037020,0.040440
13.1500,0.107946,-0.038453,0.040063
13.1600,0.256722,-0.036630,0.039687
13.1700,-0.297644,-0.036835,0.039320
13.1800,-0.123678,-0.038941,0.038941
13.1900,-0.148961,-0.040304,0.038545
13.2000,-0.501802,-0.043558,0.038125
13.2100,0.358931,-0.044272,0.037686
13.2200,0.959432,-0.037681,0.037276
13.2300,0.798630,-0.028890,0.036944
13.2400,0.924715,-0.020274,0.036698
13.2500,1.648602,-0.007407,0.036559
13.2600,1.358146,0.007627,0.036560
13.2700,1.038886,0.019612,0.036697
13.2800,0.369475,0.026654,0.036928
13.2900,-0.126878,0.027867,0.037201
13.3000,-0.340011,0.025532,0.037468
13.3100,-0.942349,0.019120,0.037691
13.3200,-0.745005,0.010684,0.037840
13.3300,-0.543153,0.004243,0.037915
13.3400,-0.416159,-0.000554,0.037933
13.3500,-0.326713,-0.004268,0.037909
13.3600,-0.584625,-0.008825,0.037843
13.3700,-1.517298,-0.019334,0.037703
13.3800,-1.336163,-0.033602,0.037438
13.3900,-0.984974,-0.045207,0.037044
13.4000,-0.667544,-0.053470,0.036550
13.4100,0.402680,-0.054794,0.036009
13.4200,0.369897,-0.050931,0.035481
13.4300,0.203498,-0.048064,0.034986
13.4400,-0.396489,-0.049029,0.034500
13.4500,-0.424085,-0.053132,0.033989
13.4600,-0.248259,-0.056494,0.033441
13.4700,-0.182782,-0.058649,0.032865
13.4800,0.166363,-0.058731,0.032279
13.4900,0.291258,-0.056443,0.031703
13.5000,-0.377660,-0.056875,0.031136
13.5100,0.388791,-0.056820,0.030568
13.5200,0.264443,-0.053553,0.030016
13.5300,-0.435149,-0.054407,0.029476
13.5400,-0.930631,-0.061236,0.028898
13.5500,-0.974393,-0.070761,0.028238
13.5600,-1.022463,-0.080745,0.027480
13.5700,-0.361398,-0.087664,0.026638
13.5800,-0.671434,-0.092829,0.025736
13.5900,-0.730087,-0.099836,0.024772
13.6000,-0.509645,-0.106035,0.023743
13.6100,-0.142101,-0.109294,0.022666
13.6200,-0.161407,-0.110811,0.021566
13.6300,0.430848,-0.109464,0.020464
13.6400,1.506543,-0.099777,0.019418
13.6500,1.298701,-0.085751,0.018491
13.6600,1.622464,-0.071145,0.017706
13.6700,1.654698,-0.054759,0.017077
13.6800,1.423844,-0.039366,0.016606
13.6900,1.428507,-0.025105,0.016284
13.7000,1.640064,-0.009762,0.016109
13.7100,1.807543,0.007476,0.016098
13.7200,2.388082,0.028454,0.016278
13.7300,2.076092,0.050775,0.016674
13.7400,1.577397,0.069043,0.017273
13.7500,1.527101,0.084565,0.018041
13.7600,1.003174,0.097216,0.018950
13.7700,0.520921,0.104837,0.019960
13.7800,0.740668,0.111145,0.021040
13.7900,0.921320,0.119455,0.022193
13.8000,0.584462,0.126984,0.023425
13.8100,0.393440,0.131873,0.024719
13.8200,0.067656,0.134179,0.026050
13.8300,0.297062,0.136002,0.027401
13.8400,0.145319,0.138214,0.028772
13.8500,-0.481622,0.136533,0.030145
13.8600,-1.205766,0.128096,0.031468
13.8700,-0.631456,0.118910,0.032703
13.8800,-0.402317,0.113741,0.033867
13.8900,-0.146578,0.110996,0.034990
13.9000,0.119097,0.110859,0.036100
13.9100,0.412539,0.113517,0.037222
13.9200,1.145285,0.121306,0.038396
13.9300,1.639483,0.135230,0.039678
13.9400,1.235339,0.149604,0.041103
13.9500,-0.016675,0.155698,0.042629
13.9600,-0.406404,0.153582,0.044175
13.9700,-0.409131,0.149504,0.045691
13.9800,-0.694897,0.143984,0.047158
13.9900,-0.698150,0.137019,0.048563
14.0000,-1.241331,0.127322,0.049885
14.0100,-1.919887,0.111516,0.051079
14.0200,-1.649201,0.093670,0.052105
14.0300,-1.871929,0.076064,0.052954
14.0400,-1.548554,0.058962,0.053629
14.0500,-1.276884,0.044835,0.054148
14.0600,-0.846816,0.034216,0.054543
14.0700,-1.011649,0.024924,0.054839
14.0800,-0.739712,0.016167,0.055044
14.0900,-0.592793,0.009505,0.055173
14.1000,-0.316919,0.004956,0.055245
14.1100,-0.075053,0.002996,0.055285
14.1200,0.195982,0.003601,0.055318
14.1300,0.437286,0.006767,0.055370
14.1400,0.023588,0.009072,0.055449
14.1500,-0.252281,0.007928,0.055534
14.1600,-0.379128,0.004771,0.055597
14.1700,-0.686809,-0.000559,0.055618
14.1800,-0.344004,-0.005713,0.055587
14.1900,-0.063724,-0.007751,0.055520
14.2000,0.438521,-0.005877,0.055452
14.2100,0.736261,-0.000003,0.055422
14.2200,0.508812,0.006222,0.055453
14.2300,0.121641,0.009374,0.055531
14.2400,0.172680,0.010846,0.055632
14.2500,-0.139544,0.011012,0.055742
14.2600,-0.389182,0.008368,0.055839
14.2700,-0.568410,0.003580,0.055898
14.2800,-0.543043,-0.001977,0.055906
14.2900,-0.248605,-0.005936,0.055867
14.3000,-0.599425,-0.010176,0.055786
14.3100,-1.164276,-0.018994,0.055640
14.3200,-0.972499,-0.029678,0.055397
14.3300,-0.411673,-0.036599,0.055066
14.3400,-0.053780,-0.038926,0.054688
14.3500,0.139935,-0.038495,0.054301
14.3600,0.366165,-0.035965,0.053929
14.3700,0.327017,-0.032499,0.053586
14.3800,0.097576,-0.030376,0.053272
14.3900,-0.073594,-0.030256,0.052969
14.4000,0.494704,-0.028151,0.052677
14.4100,0.275432,-0.024300,0.052414
14.4200,-0.473625,-0.025291,0.052166
14.4300,-0.434830,-0.029833,0.051891
14.4400,-0.486659,-0.034441,0.051569
14.4500,-0.547865,-0.039613,0.051199
14.4600,-0.282257,-0.043764,0.050782
14.4700,0.435263,-0.042999,0.050348
14.4800,0.683623,-0.037404,0.049946
14.4900,0.116367,-0.033404,0.049592
14.5000,-0.080300,-0.033224,0.049259
14.5100,0.022243,-0.033514,0.048926
14.5200,-0.012242,-0.033464,0.048591
14.5300,0.150047,-0.032775,0.048259
14.5400,0.205851,-0.030996,0.047941
14.5500,0.199669,-0.028968,0.047641
14.5600,0.011109,-0.027914,0.047356
14.5700,-0.452736,-0.030122,0.047066
14.5800,-0.975877,-0.037266,0.046729
14.5900,-1.480369,-0.049547,0.046295
14.6000,-1.470942,-0.064303,0.045726
14.6100,-1.118866,-0.077252,0.045018
14.6200,-0.556500,-0.085629,0.044204
14.6300,-0.133276,-0.089078,0.043330
14.6400,-0.067913,-0.090084,0.042434
14.6500,0.046623,-0.090191,0.041533
14.6600,0.026767,-0.089824,0.040633
14.6700,-0.000314,-0.089691,0.039735
14.6800,-0.273480,-0.091060,0.038832
14.6900,-0.038214,-0.092619,0.037913
14.7000,-0.434145,-0.094981,0.036975
14.7100,-1.312165,-0.103712,0.035982
14.7200,-1.348608,-0.117016,0.034878
14.7300,-1.513183,-0.131325,0.033636
14.7400,-1.396070,-0.145871,0.032250
14.7500,-0.735939,-0.156531,0.030738
14.7600,-1.012347,-0.165273,0.029129
14.7700,-1.086728,-0.175768,0.027424
14.7800,-0.647528,-0.184439,0.025623
14.7900,-0.789875,-0.191626,0.023743
14.8000,-0.623217,-0.198692,0.021791
14.8100,-0.554186,-0.204579,0.019775
14.8200,-0.150522,-0.208102,0.017712
14.8300,0.264564,-0.207532,0.015633
14.8400,0.532496,-0.203547,0.013578
14.8500,0.772854,-0.197020,0.011575
14.8600,1.401813,-0.186147,0.009659
14.8700,1.651171,-0.170882,0.007874
14.8800,1.786432,-0.153694,0.006251
14.8900,1.910207,-0.135211,0.004807
14.9000,1.884098,-0.116239,0.003550
14.9100,1.183539,-0.100901,0.002464
14.9200,0.922463,-0.090371,0.001507
14.9300,0.621478,-0.082651,0.000642
14.9400,1.055777,-0.074265,-0.000142
14.9500,0.877229,-0.064600,-0.000837
14.9600,0.628425,-0.057072,-0.001445
14.9700,0.467696,-0.051591,-0.001988
14.9800,0.345217,-0.047526,-0.002484
14.9900,0.276190,-0.044419,-0.002944
15.0000,0.680319,-0.039637,-0.003364
15.0100,0.765124,-0.032410,-0.003724
15.0200,1.012407,-0.023522,-0.004004
15.0300,1.121308,-0.012853,-0.004186
15.0400,0.571603,-0.004389,-0.004272
15.0500,0.949628,0.003217,-0.004278
15.0600,0.829455,0.012113,-0.004201
15.0700,0.790944,0.020215,-0.004039
15.0800,0.243058,0.025385,-0.003811
15.0900,0.136397,0.027282,-0.003548
15.1000,-0.110811,0.027410,-0.003275
15.1100,-0.230064,0.025706,-0.003009
15.1200,-0.494223,0.022084,-0.002770
15.1300,-0.800093,0.015613,-0.002582
15.1400,-0.914544,0.007039,-0.002468
15.1500,-0.900186,-0.002034,-0.002443
15.1600,-1.077494,-0.011923,-0.002513
15.1700,-0.680133,-0.020711,-0.002676
15.1800,-0.137358,-0.024798,-0.002904
15.1900,-0.133759,-0.026154,-0.003159
15.2000,-0.119376,-0.027420,-0.003426
15.2100,0.200503,-0.027014,-0.003699
15.2200,0.304704,-0.024488,-0.003956
15.2300,0.154682,-0.022191,-0.004189
15.2400,-0.051045,-0.021673,-0.004409
15.2500,-0.087304,-0.022365,-0.004629
15.2600,0.265883,-0.021472,-0.004848
15.2700,0.403937,-0.018123,-0.005046
15.2800,0.723684,-0.012484,-0.005199
15.2900,0.534425,-0.006194,-0.005293
15.3000,0.374502,-0.001649,-0.005332
15.3100,0.376470,0.002106,-0.005330
15.3200,0.435387,0.006165,-0.005288
15.3300,0.199524,0.009339,-0.005211
15.3400,-0.219417,0.009240,-0.005118
15.3500,-0.315545,0.006565,-0.005039
15.3600,-0.577543,0.002100,-0.004995
15.3700,-0.473972,-0.003158,-0.005001
15.3800,-0.348865,-0.007272,-0.005053
15.3900,-0.314897,-0.010591,-0.005142
15.4000,-0.691451,-0.015623,-0.005273
15.4100,-0.876074,-0.023460,-0.005469
15.4200,-0.827870,-0.031980,-0.005746
15.4300,0.214099,-0.035049,-0.006081
15.4400,0.342712,-0.032265,-0.006418
15.4500,0.308292,-0.029010,-0.006724
15.4600,0.234343,-0.026296,-0.007000
15.4700,-0.117612,-0.025713,-0.007260
15.4800,-0.282986,-0.027716,-0.007528
15.4900,0.182969,-0.028216,-0.007807
15.5000,-0.183085,-0.028216,-0.008089
15.5100,0.055434,-0.028855,-0.008375
15.5200,0.161464,-0.027770,-0.008658
15.5300,-0.091869,-0.027422,-0.008934
15.5400,-0.288141,-0.029322,-0.009218
15.5500,-0.274045,-0.032133,-0.009525
15.5600,0.106024,-0.032973,-0.009850
15.5700,-0.106843,-0.032977,-0.010180
15.5800,-0.143768,-0.034230,-0.010516
15.5900,0.176236,-0.034068,-0.010858
15.6000,0.429678,-0.031039,-0.011183
15.6100,0.114349,-0.028318,-0.011480
15.6200,-0.156094,-0.028527,-0.011764
15.6300,0.130957,-0.028653,-0.012050
15.6400,0.299958,-0.026498,-0.012326
15.6500,-0.019870,-0.025098,-0.012584
15.6600,-0.083692,-0.025616,-0.012837
15.6700,0.165403,-0.025207,-0.013092
15.6800,0.135822,-0.023701,-0.013336
15.6900,0.370479,-0.021169,-0.013560
15.7000,0.730788,-0.015663,-0.013745
15.7100,0.424278,-0.009888,-0.013872
15.7200,0.366121,-0.005936,-0.013951
15.7300,-0.156399,-0.004887,-0.014006
15.7400,-0.597290,-0.008656,-0.014073
15.7500,-0.406691,-0.013676,-0.014185
15.7600,-0.657993,-0.018999,-0.014348
15.7700,-0.462110,-0.024599,-0.014566
15.7800,0.006604,-0.026877,-0.014824
15.7900,0.277527,-0.025456,-0.015085
15.8000,0.414979,-0.021994,-0.015323
15.8100,0.351978,-0.018159,-0.015523
15.8200,-0.040749,-0.016603,-0.015697
15.8300,0.033529,-0.016639,-0.015863
15.8400,0.266080,-0.015141,-0.016022
15.8500,0.157089,-0.013025,-0.016163
15.8600,0.050212,-0.011989,-0.016288
15.8700,0.495410,-0.009260,-0.016394
15.8800,0.686574,-0.003351,-0.016458
15.8900,0.910789,0.004636,-0.016451
15.9000,1.043690,0.014409,-0.016356
15.9100,0.841892,0.023837,-0.016165
15.9200,0.696626,0.031529,-0.015888
15.9300,0.768365,0.038854,-0.015536
15.9400,1.222323,0.048808,-0.015098
15.9500,0.933364,0.059586,-0.014556
15.9600,0.863884,0.068572,-0.013915
15.9700,0.574527,0.075764,-0.013193
15.9800,0.462285,0.080948,-0.012410
15.9900,0.471766,0.085619,-0.011577
16.0000,0.158167,0.088768,-0.010705
16.0100,0.035637,0.089737,-0.009812
16.0200,0.021537,0.090023,-0.008913
16.0300,-0.140280,0.089429,-0.008016
16.0400,-0.329765,0.087079,-0.007134
16.0500,-0.234847,0.084256,-0.006277
16.0600,-0.158735,0.082288,-0.005444
16.0700,0.236484,0.082677,-0.004619
16.0800,0.482162,0.086270,-0.003775
16.0900,0.367494,0.090518,-0.002891
16.1000,0.437232,0.094542,-0.001965
16.1100,0.135674,0.097407,-0.001006
16.1200,0.142625,0.098798,-0.000025
16.1300,-0.430836,0.097357,0.000956
16.1400,-0.891075,0.090748,0.001897
16.1500,-1.244966,0.080067,0.002751
16.1600,-0.934509,0.069170,0.003497
16.1700,-0.771447,0.060640,0.004146
16.1800,-0.812210,0.052722,0.004713
16.1900,-1.135809,0.042982,0.005191
16.2000,-0.608394,0.034261,0.005577
16.2100,-0.286785,0.029785,0.005898
16.2200,0.218657,0.029444,0.006194
16.2300,0.516971,0.033122,0.006507
16.2400,0.808250,0.039748,0.006871
16.2500,0.901647,0.048298,0.007311
16.2600,1.052885,0.058071,0.007843
16.2700,1.001076,0.068340,0.008475
16.2800,0.814769,0.077420,0.009204
16.2900,0.597427,0.084481,0.010013
16.3000,0.142571,0.088181,0.010877
16.3100,-0.144970,0.088169,0.011758
16.3200,-0.204229,0.086423,0.012631
16.3300,-0.361187,0.083596,0.013482
16.3400,-0.434885,0.079615,0.014298
16.3500,-0.288916,0.075996,0.015076
16.3600,0.019602,0.074650,0.015829
16.3700,-0.010980,0.074693,0.016576
16.3800,-0.041255,0.074432,0.017321
16.3900,0.202265,0.075237,0.018070
16.4000,0.150433,0.077000,0.018831
16.4100,0.194286,0.078724,0.019609
16.4200,0.367461,0.081532,0.020411
16.4300,0.199080,0.084365,0.021240
16.4400,-0.313466,0.083793,0.022081
16.4500,-0.564673,0.079403,0.022897
16.4600,-0.137477,0.075892,0.023673
16.4700,-0.116290,0.074623,0.024426
16.4800,-0.387444,0.072104,0.025160
16.4900,-0.355981,0.068387,0.025862
16.5000,0.007850,0.066646,0.026537
16.5100,-0.107108,0.066150,0.027201
16.5200,0.065505,0.065942,0.027862
16.5300,0.033149,0.066435,0.028524
16.5400,-0.016572,0.066518,0.029188
16.5500,0.064652,0.066759,0.029855
16.5600,0.083487,0.067499,0.030526
16.5700,0.075368,0.068294,0.031205
16.5800,-0.017363,0.068584,0.031889
16.5900,0.026121,0.068628,0.032575
16.6000,0.177802,0.069647,0.033267
16.6100,-0.113535,0.069968,0.033965
16.6200,-0.305938,0.067871,0.034654
16.6300,-0.270670,0.064988,0.035318
16.6400,-0.558171,0.060844,0.035947
16.6500,-0.492513,0.055590,0.036530
16.6600,-0.326917,0.051493,0.037065
16.6700,-0.152887,0.049094,0.037568
16.6800,-0.170041,0.047480,0.038051
16.6900,0.159337,0.047426,0.038525
16.7000,0.148472,0.048965,0.039007
16.7100,-0.136030,0.049027,0.039497
16.7200,-0.325549,0.046720,0.039976
16.7300,-0.313171,0.043526,0.040427
16.7400,-0.471678,0.039602,0.040843
16.7500,-0.401536,0.035236,0.041217
16.7600,-0.366997,0.031393,0.041550
16.7700,0.066533,0.029891,0.041857
16.7800,0.272273,0.031585,0.042164
16.7900,0.475804,0.035325,0.042499
16.8000,0.262490,0.039016,0.042870
16.8100,0.604510,0.043351,0.043282
16.8200,0.542202,0.049085,0.043744
16.8300,0.365191,0.053622,0.044258
16.8400,0.458336,0.057740,0.044815
16.8500,0.248213,0.061272,0.045410
16.8600,-0.140354,0.061812,0.046025
16.8700,-0.305872,0.059581,0.046632
16.8800,-0.540204,0.055350,0.047207
16.8900,-0.448391,0.050407,0.047736
16.9000,-0.871410,0.043808,0.048207
16.9100,-0.980365,0.034549,0.048598
16.9200,-1.069961,0.024298,0.048893
16.9300,-0.841230,0.014742,0.049088
16.9400,-0.594617,0.007563,0.049199
16.9500,-0.542541,0.001877,0.049247
16.9600,-0.576290,-0.003717,0.049237
16.9700,-0.483208,-0.009015,0.049174
16.9800,-0.448885,-0.013675,0.049060
16.9900,-0.301301,-0.017426,0.048905
17.0000,-0.201692,-0.019941,0.048718
17.0100,-0.230451,-0.022102,0.048508
17.0200,-0.194429,-0.024226,0.048276
17.0300,-0.029775,-0.025347,0.048028
17.0400,0.097597,-0.025008,0.047776
17.0500,0.094516,-0.024048,0.047531
17.0600,0.118477,-0.022983,0.047296
17.0700,0.081496,-0.021983,0.047071
17.0800,0.557757,-0.018787,0.046867
17.0900,0.703719,-0.012479,0.046711
17.1000,0.703676,-0.005442,0.046621
17.1100,0.488013,0.000516,0.046597
17.1200,0.331836,0.004615,0.046622
17.1300,0.330434,0.007927,0.046685
17.1400,0.326605,0.011212,0.046781
17.1500,0.117597,0.013433,0.046904
17.1600,-0.315220,0.012445,0.047033
17.1700,-0.497927,0.008379,0.047138
17.1800,-0.515206,0.003313,0.047196
17.1900,-0.621868,-0.002372,0.047201
17.2000,-0.421413,-0.007588,0.047151
17.2100,-0.404783,-0.011719,0.047054
17.2200,-0.372460,-0.015606,0.046918
17.2300,-0.458308,-0.019759,0.046741
17.2400,-0.498577,-0.024544,0.046519
17.2500,-0.483691,-0.029455,0.046249
17.2600,-0.525947,-0.034503,0.045930
17.2700,-0.316295,-0.038715,0.045564
17.2800,-0.270899,-0.041651,0.045162
17.2900,-0.432509,-0.045168,0.044728
17.3000,-0.557836,-0.050119,0.044251
17.3100,-0.349963,-0.054658,0.043727
17.3200,-0.456935,-0.058693,0.043161
17.3300,-0.515379,-0.063554,0.042549
17.3400,-0.543346,-0.068848,0.041887
17.3500,-0.497008,-0.074050,0.041173
17.3600,-0.228608,-0.077678,0.040414
17.3700,-0.202057,-0.079831,0.039627
17.3800,-0.049035,-0.081087,0.038822
17.3900,0.423233,-0.079216,0.038021
17.4000,0.524950,-0.074475,0.037252
17.4100,0.562521,-0.069037,0.036534
17.4200,0.446554,-0.063992,0.035869
17.4300,0.279145,-0.060363,0.035248
17.4400,0.290171,-0.057517,0.034658
17.4500,0.413231,-0.054000,0.034101
17.4600,0.334254,-0.050262,0.033579
17.4700,0.219852,-0.047492,0.033091
17.4800,0.287936,-0.044953,0.032628
17.4900,0.370211,-0.041662,0.032195
17.5000,0.358011,-0.038021,0.031797
17.5100,0.613383,-0.033164,0.031441
17.5200,0.449236,-0.027851,0.031136
17.5300,0.394322,-0.023633,0.030878
17.5400,0.317185,-0.020076,0.030660
17.5500,0.450252,-0.016239,0.030478
17.5600,0.501944,-0.011478,0.030340
17.5700,0.400342,-0.006966,0.030247
17.5800,0.332485,-0.003302,0.030196
17.5900,0.257376,-0.000353,0.030178
17.6000,0.341994,0.002644,0.030189
17.6100,0.323563,0.005972,0.030232
17.6200,0.162183,0.008401,0.030304
17.6300,0.042162,0.009422,0.030393
17.6400,0.006626,0.009666,0.030489
17.6500,0.061207,0.010005,0.030587
17.6600,0.149294,0.011058,0.030692
17.6700,0.077661,0.012193,0.030809
17.6800,0.014906,0.012656,0.030933
17.6900,0.125662,0.013358,0.031063
17.7000,0.092670,0.014450,0.031202
17.7100,0.192244,0.015875,0.031354
17.7200,0.060637,0.017139,0.031519
17.7300,-0.006999,0.017407,0.031691
17.7400,0.026986,0.017507,0.031866
17.7500,0.228228,0.018783,0.032048
17.7600,0.207908,0.020964,0.032246
17.7700,0.343290,0.023720,0.032470
17.7800,0.404245,0.027458,0.032726
17.7900,0.250362,0.030731,0.033017
17.8000,0.218689,0.033076,0.033336
17.8100,0.330490,0.035822,0.033680
17.8200,0.248134,0.038715,0.034053
17.8300,0.124690,0.040579,0.034449
17.8400,0.291502,0.042660,0.034865
17.8500,0.361449,0.045925,0.035308
17.8600,0.425774,0.049861,0.035787
17.8700,0.346663,0.053723,0.036305
17.8800,0.254394,0.056728,0.036857
17.8900,0.055519,0.058278,0.037432
17.9000,0.111124,0.059111,0.038019
17.9100,-0.161504,0.058859,0.038609
17.9200,-0.254583,0.056779,0.039187
17.9300,-0.512040,0.052946,0.039736
17.9400,-0.709178,0.046840,0.040235
17.9500,-0.580435,0.040392,0.040671
17.9600,-0.745412,0.033762,0.041042
17.9700,-0.764130,0.026215,0.041342
17.9800,-0.539712,0.019695,0.041571
17.9900,-0.462941,0.014682,0.041743
18.0000,-0.353617,0.010599,0.041870
18.0100,-0.309266,0.007285,0.041959
18.0200,-0.352172,0.003978,0.042015
18.0300,-0.264472,0.000894,0.042040
18.0400,-0.113536,-0.000996,0.042039
18.0500,0.052848,-0.001299,0.042028
18.0600,-0.085530,-0.001462,0.042014
18.0700,-0.131958,-0.002550,0.041994
18.0800,-0.280592,-0.004613,0.041958
18.0900,-0.406703,-0.008049,0.041895
18.1000,-0.290357,-0.011534,0.041797
18.1100,-0.238490,-0.014179,0.041668
18.1200,-0.308750,-0.016915,0.041513
18.1300,-0.166078,-0.019289,0.041332
18.1400,0.015553,-0.020042,0.041135
18.1500,0.129830,-0.019315,0.040938
18.1600,0.062768,-0.018352,0.040750
18.1700,0.057266,-0.017752,0.040569
18.1800,-0.140343,-0.018167,0.040390
18.1900,-0.052212,-0.019130,0.040203
18.2000,-0.015241,-0.019467,0.040010
18.2100,-0.028438,-0.019685,0.039815
18.2200,0.011401,-0.019771,0.039617
18.2300,-0.014920,-0.019788,0.039420
18.2400,0.025837,-0.019734,0.039222
18.2500,0.121754,-0.018996,0.039028
18.2600,0.292682,-0.016923,0.038849
18.2700,0.233797,-0.014291,0.038693
18.2800,0.501151,-0.010616,0.038568
18.2900,0.615455,-0.005033,0.038490
18.3000,0.523720,0.000663,0.038468
18.3100,0.560327,0.006083,0.038502
18.3200,0.456884,0.011169,0.038588
18.3300,0.468631,0.015797,0.038723
18.3400,0.379867,0.020039,0.038902
18.3500,0.222392,0.023050,0.039117
18.3600,0.017897,0.024252,0.039354
18.3700,-0.027983,0.024201,0.039596
18.3800,-0.129128,0.023416,0.039834
18.3900,-0.409196,0.020724,0.040055
18.4000,-0.539803,0.015979,0.040239
18.4100,-0.642267,0.010069,0.040369
18.4200,-0.597599,0.003869,0.040438
18.4300,-0.392986,-0.001083,0.040452
18.4400,-0.361787,-0.004857,0.040423
18.4500,-0.302585,-0.008179,0.040358
18.4600,-0.142445,-0.010404,0.040265
18.4700,0.128328,-0.010475,0.040160
18.4800,0.241094,-0.008628,0.040065
18.4900,0.122400,-0.006810,0.039988
18.5000,0.210708,-0.005145,0.039928
18.5100,0.168181,-0.003250,0.039886
18.5200,0.141429,-0.001702,0.039861
18.5300,0.120187,-0.000394,0.039851
18.5400,-0.007108,0.000171,0.039849
18.5500,-0.066460,-0.000197,0.039849
18.5600,-0.114300,-0.001100,0.039843
18.5700,-0.164770,-0.002496,0.039825
18.5800,-0.251278,-0.004576,0.039789
18.5900,-0.332716,-0.007496,0.039729
18.6000,-0.124101,-0.009780,0.039643
18.6100,0.102524,-0.009888,0.039544
18.6200,0.043522,-0.009158,0.039449
18.6300,0.135505,-0.008263,0.039362
18.6400,0.065194,-0.007259,0.039284
18.6500,0.007757,-0.006894,0.039214
18.6600,0.096556,-0.006373,0.039147
18.6700,0.070572,-0.005537,0.039088
18.6800,-0.116014,-0.005764,0.039031
18.6900,-0.193202,-0.007310,0.038966
18.7000,-0.316913,-0.009861,0.038880
18.7100,-0.434987,-0.013621,0.038763
18.7200,-0.415939,-0.017875,0.038605
18.7300,-0.335975,-0.021635,0.038408
18.7400,-0.163459,-0.024132,0.038179
18.7500,-0.113265,-0.025516,0.037931
18.7600,-0.120146,-0.026683,0.037670
18.7700,-0.072541,-0.027646,0.037398
18.7800,0.050405,-0.027757,0.037121
18.7900,0.067145,-0.027169,0.036846
18.8000,0.153165,-0.026067,0.036580
18.8100,0.122273,-0.024690,0.036326
18.8200,0.149068,-0.023334,0.036086
18.8300,0.206786,-0.021554,0.035862
18.8400,0.258580,-0.019227,0.035658
18.8500,0.142021,-0.017224,0.035476
18.8600,0.055309,-0.016238,0.035308
18.8700,0.026774,-0.015827,0.035148
18.8800,-0.125605,-0.016321,0.034987
18.8900,-0.295499,-0.018427,0.034813
18.9000,-0.159554,-0.020702,0.034618
18.9100,-0.109015,-0.022045,0.034404
18.9200,-0.103832,-0.023109,0.034178
18.9300,-0.074234,-0.024000,0.033943
18.9400,-0.135084,-0.025046,0.033698
18.9500,-0.242160,-0.026932,0.033438
18.9600,-0.247364,-0.029380,0.033156
18.9700,-0.198436,-0.031609,0.032851
18.9800,-0.199436,-0.033598,0.032525
18.9900,-0.141554,-0.035303,0.032181
19.0000,-0.193430,-0.036978,0.031819
19.0100,-0.223428,-0.039063,0.031439
19.0200,-0.055656,-0.040458,0.031041
19.0300,0.064666,-0.040413,0.030637
19.0400,0.011549,-0.040032,0.030235
19.0500,-0.066250,-0.040305,0.029833
19.0600,-0.095333,-0.041113,0.029426
19.0700,-0.212994,-0.042655,0.029007
19.0800,-0.178658,-0.044613,0.028571
19.0900,-0.023723,-0.045625,0.028120
19.1000,-0.003273,-0.045760,0.027663
19.1100,-0.163142,-0.046592,0.027201
19.1200,-0.235017,-0.048583,0.026725
19.1300,-0.075052,-0.050133,0.026231
19.1400,0.125839,-0.049879,0.025731
19.1500,0.081128,-0.048845,0.025238
19.1600,0.135277,-0.047763,0.024755
19.1700,0.076974,-0.046701,0.024282
19.1800,0.103012,-0.045801,0.023820
19.1900,0.133325,-0.044620,0.023368
19.2000,0.095323,-0.043476,0.022927
19.2100,0.014111,-0.042929,0.022495
19.2200,-0.053250,-0.043125,0.022065
19.2300,-0.028998,-0.043536,0.021632
19.2400,0.003643,-0.043663,0.021196
19.2500,0.089244,-0.043199,0.020761
19.2600,-0.015248,-0.042829,0.020331
19.2700,0.100561,-0.042402,0.019905
19.2800,0.055203,-0.041623,0.019485
19.2900,0.052199,-0.041086,0.019071
19.3000,-0.017833,-0.040914,0.018661
19.3100,0.006284,-0.040972,0.018252
19.3200,0.157334,-0.040154,0.017846
19.3300,0.291065,-0.037912,0.017456
19.3400,0.280216,-0.035056,0.017091
19.3500,0.184463,-0.032732,0.016752
19.3600,0.182820,-0.030896,0.016434
19.3700,-0.008764,-0.030025,0.016130
19.3800,-0.227735,-0.031208,0.015823
19.3900,-0.244714,-0.033570,0.015499
19.4000,-0.310498,-0.036346,0.015150
19.4100,-0.352088,-0.039659,0.014770
19.4200,-0.364676,-0.043243,0.014355
19.4300,-0.164947,-0.045891,0.013910
19.4400,0.097679,-0.046227,0.013449
19.4500,0.180460,-0.044837,0.012994
19.4600,0.309335,-0.042388,0.012558
19.4700,0.346211,-0.039110,0.012150
19.4800,0.170778,-0.036525,0.011772
19.4900,0.053035,-0.035406,0.011412
19.5000,0.149994,-0.034391,0.011063
19.5100,0.075831,-0.033262,0.010725
19.5200,0.138312,-0.032191,0.010398
19.5300,0.216583,-0.030417,0.010085
19.5400,0.315622,-0.027756,0.009794
19.5500,0.315435,-0.024600,0.009532
19.5600,0.275263,-0.021647,0.009301
19.5700,0.197422,-0.019283,0.009096
19.5800,-0.014298,-0.018368,0.008908
19.5900,-0.086191,-0.018870,0.008722
19.6000,-0.097036,-0.019786,0.008529
19.6100,-0.128743,-0.020915,0.008325
19.6200,-0.198466,-0.022551,0.008108
19.6300,-0.140109,-0.024244,0.007874
19.6400,-0.123567,-0.025563,0.007625
19.6500,-0.203289,-0.027197,0.007361
19.6600,-0.176927,-0.029098,0.007079
19.6700,-0.142358,-0.030694,0.006780
19.6800,-0.128149,-0.032047,0.006467
19.6900,-0.218159,-0.033778,0.006138
19.7000,-0.190280,-0.035821,0.005790
19.7100,-0.093655,-0.037240,0.005424
19.7200,-0.063750,-0.038027,0.005048
19.7300,0.071603,-0.037988,0.004668
19.7400,0.200525,-0.036627,0.004295
19.7500,0.128282,-0.034983,0.003937
19.7600,0.208662,-0.033299,0.003595
19.7700,0.157049,-0.031470,0.003272
19.7800,0.169587,-0.029837,0.002965
19.7900,0.279184,-0.027593,0.002678
19.8000,0.391892,-0.024238,0.002419
19.8100,0.260506,-0.020976,0.002193
19.8200,0.229891,-0.018524,0.001995
19.8300,0.240856,-0.016170,0.001822
19.8400,0.180671,-0.014062,0.001670
19.8500,0.200333,-0.012157,0.001539
19.8600,0.173154,-0.010290,0.001427
19.8700,0.132552,-0.008761,0.001332
19.8800,0.029823,-0.007949,0.001248
19.8900,0.017481,-0.007713,0.001170
19.9000,0.110897,-0.007071,0.001096
19.9100,0.171003,-0.005662,0.001032
19.9200,0.029674,-0.004658,0.000981
19.9300,-0.000610,-0.004513,0.000935
19.9400,0.099388,-0.004019,0.000892
19.9500,0.144813,-0.002798,0.000858
19.9600,0.163637,-0.001256,0.000838
19.9700,0.066782,-0.000104,0.000831
19.9800,-0.039194,0.000034,0.000831
19.9900,0.020317,-0.000060,0.000831
